sale_id,timestamp,amount,currency,items_json
sale_20251123_0001,2025-11-23 19:07:19,360.0,INR,"[{""product_id"": ""p001"", ""qty"": 2, ""unit_price"": 30.0}, {""product_id"": ""p005"", ""qty"": 2, ""unit_price"": 150.0}]"
sale_20251123_0002,2025-11-23 08:49:56,180.0,INR,"[{""product_id"": ""p001"", ""qty"": 1, ""unit_price"": 30.0}, {""product_id"": ""p005"", ""qty"": 1, ""unit_price"": 150.0}]"
sale_20251123_0003,2025-11-23 17:25:26,30.0,INR,"[{""product_id"": ""p019"", ""qty"": 1, ""unit_price"": 5.0}, {""product_id"": ""p020"", ""qty"": 1, ""unit_price"": 25.0}]"
sale_20251123_0004,2025-11-23 20:50:26,180.0,INR,"[{""product_id"": ""p001"", ""qty"": 1, ""unit_price"": 30.0}, {""product_id"": ""p005"", ""qty"": 1, ""unit_price"": 150.0}]"
sale_20251123_0005,2025-11-23 10:35:27,60.0,INR,"[{""product_id"": ""p004"", ""qty"": 1, ""unit_price"": 60.0}]"
sale_20251123_0006,2025-11-23 19:31:41,40.0,INR,"[{""product_id"": ""p015"", ""qty"": 1, ""unit_price"": 40.0}]"
sale_20251123_0007,2025-11-23 21:48:45,120.0,INR,"[{""product_id"": ""p015"", ""qty"": 3, ""unit_price"": 40.0}]"
sale_20251123_0008,2025-11-23 22:21:03,14.0,INR,"[{""product_id"": ""p006"", ""qty"": 1, ""unit_price"": 14.0}]"
sale_20251123_0009,2025-11-23 17:37:13,70.0,INR,"[{""product_id"": ""p001"", ""qty"": 1, ""unit_price"": 30.0}, {""product_id"": ""p015"", ""qty"": 1, ""unit_price"": 40.0}]"
sale_20251123_0010,2025-11-23 17:08:16,180.0,INR,"[{""product_id"": ""p001"", ""qty"": 1, ""unit_price"": 30.0}, {""product_id"": ""p005"", ""qty"": 1, ""unit_price"": 150.0}]"
sale_20251123_0011,2025-11-23 09:04:06,210.0,INR,"[{""product_id"": ""p001"", ""qty"": 2, ""unit_price"": 30.0}, {""product_id"": ""p005"", ""qty"": 1, ""unit_price"": 150.0}]"
sale_20251123_0012,2025-11-23 17:36:42,100.0,INR,"[{""product_id"": ""p017"", ""qty"": 1, ""unit_price"": 50.0}, {""product_id"": ""p020"", ""qty"": 2, ""unit_price"": 25.0}]"
sale_20251123_0013,2025-11-23 07:53:56,180.0,INR,"[{""product_id"": ""p001"", ""qty"": 1, ""unit_price"": 30.0}, {""product_id"": ""p005"", ""qty"": 1, ""unit_price"": 150.0}]"
sale_20251123_0014,2025-11-23 17:22:45,180.0,INR,"[{""product_id"": ""p001"", ""qty"": 1, ""unit_price"": 30.0}, {""product_id"": ""p005"", ""qty"": 1, ""unit_price"": 150.0}]"
sale_20251123_0015,2025-11-23 07:57:24,105.0,INR,"[{""product_id"": ""p003"", ""qty"": 1, ""unit_price"": 45.0}, {""product_id"": ""p004"", ""qty"": 1, ""unit_price"": 60.0}]"
sale_20251123_0016,2025-11-23 20:31:27,20.0,INR,"[{""product_id"": ""p002"", ""qty"": 1, ""unit_price"": 20.0}]"
sale_20251123_0017,2025-11-23 19:28:09,210.0,INR,"[{""product_id"": ""p001"", ""qty"": 2, ""unit_price"": 30.0}, {""product_id"": ""p005"", ""qty"": 1, ""unit_price"": 150.0}]"
sale_20251123_0018,2025-11-23 12:14:34,54.0,INR,"[{""product_id"": ""p006"", ""qty"": 1, ""unit_price"": 14.0}, {""product_id"": ""p015"", ""qty"": 1, ""unit_price"": 40.0}]"
sale_20251123_0019,2025-11-23 18:06:12,5.0,INR,"[{""product_id"": ""p019"", ""qty"": 1, ""unit_price"": 5.0}]"
sale_20251123_0020,2025-11-23 21:15:16,5.0,INR,"[{""product_id"": ""p019"", ""qty"": 1, ""unit_price"": 5.0}]"
sale_20251123_0021,2025-11-23 10:59:26,60.0,INR,"[{""product_id"": ""p004"", ""qty"": 1, ""unit_price"": 60.0}]"
sale_20251123_0022,2025-11-23 12:07:27,235.0,INR,"[{""product_id"": ""p009"", ""qty"": 1, ""unit_price"": 55.0}, {""product_id"": ""p012"", ""qty"": 2, ""unit_price"": 90.0}]"
sale_20251123_0023,2025-11-23 10:14:42,105.0,INR,"[{""product_id"": ""p003"", ""qty"": 1, ""unit_price"": 45.0}, {""product_id"": ""p004"", ""qty"": 1, ""unit_price"": 60.0}]"
sale_20251123_0024,2025-11-23 15:47:13,110.0,INR,"[{""product_id"": ""p004"", ""qty"": 1, ""unit_price"": 60.0}, {""product_id"": ""p011"", ""qty"": 1, ""unit_price"": 50.0}]"
sale_20251123_0025,2025-11-23 17:02:33,100.0,INR,"[{""product_id"": ""p002"", ""qty"": 3, ""unit_price"": 20.0}, {""product_id"": ""p015"", ""qty"": 1, ""unit_price"": 40.0}]"
sale_20251123_0026,2025-11-23 14:43:41,82.0,INR,"[{""product_id"": ""p006"", ""qty"": 3, ""unit_price"": 14.0}, {""product_id"": ""p015"", ""qty"": 1, ""unit_price"": 40.0}]"
sale_20251123_0027,2025-11-23 07:54:23,105.0,INR,"[{""product_id"": ""p003"", ""qty"": 1, ""unit_price"": 45.0}, {""product_id"": ""p004"", ""qty"": 1, ""unit_price"": 60.0}]"
sale_20251123_0028,2025-11-23 09:45:12,120.0,INR,"[{""product_id"": ""p004"", ""qty"": 2, ""unit_price"": 60.0}]"
sale_20251123_0029,2025-11-23 20:12:25,94.0,INR,"[{""product_id"": ""p006"", ""qty"": 1, ""unit_price"": 14.0}, {""product_id"": ""p015"", ""qty"": 2, ""unit_price"": 40.0}]"
sale_20251123_0030,2025-11-23 10:47:33,180.0,INR,"[{""product_id"": ""p001"", ""qty"": 1, ""unit_price"": 30.0}, {""product_id"": ""p005"", ""qty"": 1, ""unit_price"": 150.0}]"
sale_20251123_0031,2025-11-23 10:01:03,120.0,INR,"[{""product_id"": ""p004"", ""qty"": 2, ""unit_price"": 60.0}]"
sale_20251123_0032,2025-11-23 14:50:04,215.0,INR,"[{""product_id"": ""p009"", ""qty"": 1, ""unit_price"": 55.0}, {""product_id"": ""p010"", ""qty"": 1, ""unit_price"": 70.0}, {""product_id"": ""p012"", ""qty"": 1, ""unit_price"": 90.0}]"
sale_20251123_0033,2025-11-23 19:06:47,70.0,INR,"[{""product_id"": ""p001"", ""qty"": 1, ""unit_price"": 30.0}, {""product_id"": ""p015"", ""qty"": 1, ""unit_price"": 40.0}]"
sale_20251123_0034,2025-11-23 17:43:56,30.0,INR,"[{""product_id"": ""p001"", ""qty"": 1, ""unit_price"": 30.0}]"
sale_20251124_0035,2025-11-24 09:08:57,110.0,INR,"[{""product_id"": ""p004"", ""qty"": 1, ""unit_price"": 60.0}, {""product_id"": ""p011"", ""qty"": 1, ""unit_price"": 50.0}]"
sale_20251124_0036,2025-11-24 12:57:32,28.0,INR,"[{""product_id"": ""p006"", ""qty"": 2, ""unit_price"": 14.0}]"
sale_20251124_0037,2025-11-24 08:00:14,170.0,INR,"[{""product_id"": ""p004"", ""qty"": 2, ""unit_price"": 60.0}, {""product_id"": ""p011"", ""qty"": 1, ""unit_price"": 50.0}]"
sale_20251124_0038,2025-11-24 08:59:12,165.0,INR,"[{""product_id"": ""p003"", ""qty"": 1, ""unit_price"": 45.0}, {""product_id"": ""p004"", ""qty"": 2, ""unit_price"": 60.0}]"
sale_20251124_0039,2025-11-24 10:49:13,330.0,INR,"[{""product_id"": ""p001"", ""qty"": 1, ""unit_price"": 30.0}, {""product_id"": ""p005"", ""qty"": 2, ""unit_price"": 150.0}]"
sale_20251124_0040,2025-11-24 19:57:45,20.0,INR,"[{""product_id"": ""p002"", ""qty"": 1, ""unit_price"": 20.0}]"
sale_20251124_0041,2025-11-24 08:49:22,110.0,INR,"[{""product_id"": ""p004"", ""qty"": 1, ""unit_price"": 60.0}, {""product_id"": ""p011"", ""qty"": 1, ""unit_price"": 50.0}]"
sale_20251124_0042,2025-11-24 17:45:11,40.0,INR,"[{""product_id"": ""p015"", ""qty"": 1, ""unit_price"": 40.0}]"
sale_20251124_0043,2025-11-24 20:00:03,100.0,INR,"[{""product_id"": ""p001"", ""qty"": 2, ""unit_price"": 30.0}, {""product_id"": ""p015"", ""qty"": 1, ""unit_price"": 40.0}]"
sale_20251124_0044,2025-11-24 18:11:27,60.0,INR,"[{""product_id"": ""p002"", ""qty"": 1, ""unit_price"": 20.0}, {""product_id"": ""p015"", ""qty"": 1, ""unit_price"": 40.0}]"
sale_20251124_0045,2025-11-24 07:57:04,60.0,INR,"[{""product_id"": ""p004"", ""qty"": 1, ""unit_price"": 60.0}]"
sale_20251124_0046,2025-11-24 09:29:24,180.0,INR,"[{""product_id"": ""p004"", ""qty"": 3, ""unit_price"": 60.0}]"
sale_20251124_0047,2025-11-24 09:07:05,180.0,INR,"[{""product_id"": ""p001"", ""qty"": 1, ""unit_price"": 30.0}, {""product_id"": ""p005"", ""qty"": 1, ""unit_price"": 150.0}]"
sale_20251124_0048,2025-11-24 07:52:01,155.0,INR,"[{""product_id"": ""p003"", ""qty"": 1, ""unit_price"": 45.0}, {""product_id"": ""p004"", ""qty"": 1, ""unit_price"": 60.0}, {""product_id"": ""p011"", ""qty"": 1, ""unit_price"": 50.0}]"
sale_20251124_0049,2025-11-24 18:46:29,30.0,INR,"[{""product_id"": ""p019"", ""qty"": 1, ""unit_price"": 5.0}, {""product_id"": ""p020"", ""qty"": 1, ""unit_price"": 25.0}]"
sale_20251124_0050,2025-11-24 09:20:04,150.0,INR,"[{""product_id"": ""p003"", ""qty"": 2, ""unit_price"": 45.0}, {""product_id"": ""p004"", ""qty"": 1, ""unit_price"": 60.0}]"
sale_20251124_0051,2025-11-24 14:10:32,42.0,INR,"[{""product_id"": ""p006"", ""qty"": 3, ""unit_price"": 14.0}]"
sale_20251124_0052,2025-11-24 14:05:25,42.0,INR,"[{""product_id"": ""p006"", ""qty"": 3, ""unit_price"": 14.0}]"
sale_20251124_0053,2025-11-24 10:41:35,110.0,INR,"[{""product_id"": ""p004"", ""qty"": 1, ""unit_price"": 60.0}, {""product_id"": ""p011"", ""qty"": 1, ""unit_price"": 50.0}]"
sale_20251124_0054,2025-11-24 08:32:01,105.0,INR,"[{""product_id"": ""p003"", ""qty"": 1, ""unit_price"": 45.0}, {""product_id"": ""p004"", ""qty"": 1, ""unit_price"": 60.0}]"
sale_20251124_0055,2025-11-24 08:32:34,255.0,INR,"[{""product_id"": ""p003"", ""qty"": 3, ""unit_price"": 45.0}, {""product_id"": ""p004"", ""qty"": 2, ""unit_price"": 60.0}]"
sale_20251124_0056,2025-11-24 14:32:55,14.0,INR,"[{""product_id"": ""p006"", ""qty"": 1, ""unit_price"": 14.0}]"
sale_20251124_0057,2025-11-24 18:31:58,82.0,INR,"[{""product_id"": ""p006"", ""qty"": 3, ""unit_price"": 14.0}, {""product_id"": ""p015"", ""qty"": 1, ""unit_price"": 40.0}]"
sale_20251124_0058,2025-11-24 10:53:58,110.0,INR,"[{""product_id"": ""p004"", ""qty"": 1, ""unit_price"": 60.0}, {""product_id"": ""p011"", ""qty"": 1, ""unit_price"": 50.0}]"
sale_20251124_0059,2025-11-24 08:01:37,105.0,INR,"[{""product_id"": ""p003"", ""qty"": 1, ""unit_price"": 45.0}, {""product_id"": ""p004"", ""qty"": 1, ""unit_price"": 60.0}]"
sale_20251124_0060,2025-11-24 20:54:10,60.0,INR,"[{""product_id"": ""p002"", ""qty"": 1, ""unit_price"": 20.0}, {""product_id"": ""p015"", ""qty"": 1, ""unit_price"": 40.0}]"
sale_20251124_0061,2025-11-24 20:49:28,75.0,INR,"[{""product_id"": ""p017"", ""qty"": 1, ""unit_price"": 50.0}, {""product_id"": ""p020"", ""qty"": 1, ""unit_price"": 25.0}]"
sale_20251124_0062,2025-11-24 17:21:30,100.0,INR,"[{""product_id"": ""p002"", ""qty"": 1, ""unit_price"": 20.0}, {""product_id"": ""p015"", ""qty"": 2, ""unit_price"": 40.0}]"
sale_20251124_0063,2025-11-24 10:09:23,195.0,INR,"[{""product_id"": ""p003"", ""qty"": 3, ""unit_price"": 45.0}, {""product_id"": ""p004"", ""qty"": 1, ""unit_price"": 60.0}]"
sale_20251124_0064,2025-11-24 13:26:15,54.0,INR,"[{""product_id"": ""p006"", ""qty"": 1, ""unit_price"": 14.0}, {""product_id"": ""p015"", ""qty"": 1, ""unit_price"": 40.0}]"
sale_20251124_0065,2025-11-24 21:12:38,160.0,INR,"[{""product_id"": ""p004"", ""qty"": 1, ""unit_price"": 60.0}, {""product_id"": ""p011"", ""qty"": 2, ""unit_price"": 50.0}]"
sale_20251124_0066,2025-11-24 09:07:49,155.0,INR,"[{""product_id"": ""p003"", ""qty"": 1, ""unit_price"": 45.0}, {""product_id"": ""p004"", ""qty"": 1, ""unit_price"": 60.0}, {""product_id"": ""p011"", ""qty"": 1, ""unit_price"": 50.0}]"
sale_20251124_0067,2025-11-24 10:46:52,155.0,INR,"[{""product_id"": ""p003"", ""qty"": 1, ""unit_price"": 45.0}, {""product_id"": ""p004"", ""qty"": 1, ""unit_price"": 60.0}, {""product_id"": ""p011"", ""qty"": 1, ""unit_price"": 50.0}]"
sale_20251124_0068,2025-11-24 17:45:12,20.0,INR,"[{""product_id"": ""p002"", ""qty"": 1, ""unit_price"": 20.0}]"
sale_20251124_0069,2025-11-24 09:11:51,170.0,INR,"[{""product_id"": ""p004"", ""qty"": 2, ""unit_price"": 60.0}, {""product_id"": ""p011"", ""qty"": 1, ""unit_price"": 50.0}]"
sale_20251124_0070,2025-11-24 10:39:54,195.0,INR,"[{""product_id"": ""p003"", ""qty"": 3, ""unit_price"": 45.0}, {""product_id"": ""p004"", ""qty"": 1, ""unit_price"": 60.0}]"
sale_20251124_0071,2025-11-24 17:44:31,5.0,INR,"[{""product_id"": ""p019"", ""qty"": 1, ""unit_price"": 5.0}]"
sale_20251125_0072,2025-11-25 10:54:22,165.0,INR,"[{""product_id"": ""p003"", ""qty"": 1, ""unit_price"": 45.0}, {""product_id"": ""p004"", ""qty"": 2, ""unit_price"": 60.0}]"
sale_20251125_0073,2025-11-25 10:12:43,105.0,INR,"[{""product_id"": ""p003"", ""qty"": 1, ""unit_price"": 45.0}, {""product_id"": ""p004"", ""qty"": 1, ""unit_price"": 60.0}]"
sale_20251125_0074,2025-11-25 13:58:56,235.0,INR,"[{""product_id"": ""p009"", ""qty"": 1, ""unit_price"": 55.0}, {""product_id"": ""p012"", ""qty"": 2, ""unit_price"": 90.0}]"
sale_20251125_0075,2025-11-25 17:13:35,330.0,INR,"[{""product_id"": ""p001"", ""qty"": 1, ""unit_price"": 30.0}, {""product_id"": ""p005"", ""qty"": 2, ""unit_price"": 150.0}]"
sale_20251125_0076,2025-11-25 09:32:23,180.0,INR,"[{""product_id"": ""p001"", ""qty"": 1, ""unit_price"": 30.0}, {""product_id"": ""p005"", ""qty"": 1, ""unit_price"": 150.0}]"
sale_20251125_0077,2025-11-25 12:08:27,305.0,INR,"[{""product_id"": ""p009"", ""qty"": 1, ""unit_price"": 55.0}, {""product_id"": ""p010"", ""qty"": 1, ""unit_price"": 70.0}, {""product_id"": ""p012"", ""qty"": 2, ""unit_price"": 90.0}]"
sale_20251125_0078,2025-11-25 08:02:19,110.0,INR,"[{""product_id"": ""p004"", ""qty"": 1, ""unit_price"": 60.0}, {""product_id"": ""p011"", ""qty"": 1, ""unit_price"": 50.0}]"
sale_20251125_0079,2025-11-25 09:07:02,330.0,INR,"[{""product_id"": ""p001"", ""qty"": 1, ""unit_price"": 30.0}, {""product_id"": ""p005"", ""qty"": 2, ""unit_price"": 150.0}]"
sale_20251125_0080,2025-11-25 17:06:08,510.0,INR,"[{""product_id"": ""p001"", ""qty"": 2, ""unit_price"": 30.0}, {""product_id"": ""p005"", ""qty"": 3, ""unit_price"": 150.0}]"
sale_20251125_0081,2025-11-25 12:34:19,28.0,INR,"[{""product_id"": ""p006"", ""qty"": 2, ""unit_price"": 14.0}]"
sale_20251125_0082,2025-11-25 17:28:55,20.0,INR,"[{""product_id"": ""p002"", ""qty"": 1, ""unit_price"": 20.0}]"
sale_20251125_0083,2025-11-25 18:48:29,75.0,INR,"[{""product_id"": ""p017"", ""qty"": 1, ""unit_price"": 50.0}, {""product_id"": ""p020"", ""qty"": 1, ""unit_price"": 25.0}]"
sale_20251125_0084,2025-11-25 08:44:32,210.0,INR,"[{""product_id"": ""p003"", ""qty"": 2, ""unit_price"": 45.0}, {""product_id"": ""p004"", ""qty"": 2, ""unit_price"": 60.0}]"
sale_20251125_0085,2025-11-25 20:53:01,15.0,INR,"[{""product_id"": ""p019"", ""qty"": 3, ""unit_price"": 5.0}]"
sale_20251125_0086,2025-11-25 17:04:14,20.0,INR,"[{""product_id"": ""p002"", ""qty"": 1, ""unit_price"": 20.0}]"
sale_20251125_0087,2025-11-25 14:37:54,200.0,INR,"[{""product_id"": ""p009"", ""qty"": 2, ""unit_price"": 55.0}, {""product_id"": ""p012"", ""qty"": 1, ""unit_price"": 90.0}]"
sale_20251125_0088,2025-11-25 07:27:01,160.0,INR,"[{""product_id"": ""p004"", ""qty"": 1, ""unit_price"": 60.0}, {""product_id"": ""p011"", ""qty"": 2, ""unit_price"": 50.0}]"
sale_20251125_0089,2025-11-25 16:40:32,40.0,INR,"[{""product_id"": ""p015"", ""qty"": 1, ""unit_price"": 40.0}]"
sale_20251125_0090,2025-11-25 07:19:55,225.0,INR,"[{""product_id"": ""p003"", ""qty"": 1, ""unit_price"": 45.0}, {""product_id"": ""p004"", ""qty"": 3, ""unit_price"": 60.0}]"
sale_20251125_0091,2025-11-25 10:51:40,180.0,INR,"[{""product_id"": ""p001"", ""qty"": 1, ""unit_price"": 30.0}, {""product_id"": ""p005"", ""qty"": 1, ""unit_price"": 150.0}]"
sale_20251125_0092,2025-11-25 17:13:22,180.0,INR,"[{""product_id"": ""p001"", ""qty"": 1, ""unit_price"": 30.0}, {""product_id"": ""p005"", ""qty"": 1, ""unit_price"": 150.0}]"
sale_20251125_0093,2025-11-25 16:04:00,130.0,INR,"[{""product_id"": ""p001"", ""qty"": 3, ""unit_price"": 30.0}, {""product_id"": ""p015"", ""qty"": 1, ""unit_price"": 40.0}]"
sale_20251125_0094,2025-11-25 17:21:39,180.0,INR,"[{""product_id"": ""p001"", ""qty"": 1, ""unit_price"": 30.0}, {""product_id"": ""p005"", ""qty"": 1, ""unit_price"": 150.0}]"
sale_20251125_0095,2025-11-25 19:41:00,100.0,INR,"[{""product_id"": ""p002"", ""qty"": 1, ""unit_price"": 20.0}, {""product_id"": ""p015"", ""qty"": 2, ""unit_price"": 40.0}]"
sale_20251125_0096,2025-11-25 10:40:55,250.0,INR,"[{""product_id"": ""p003"", ""qty"": 2, ""unit_price"": 45.0}, {""product_id"": ""p004"", ""qty"": 1, ""unit_price"": 60.0}, {""product_id"": ""p011"", ""qty"": 2, ""unit_price"": 50.0}]"
sale_20251125_0097,2025-11-25 20:47:13,60.0,INR,"[{""product_id"": ""p002"", ""qty"": 1, ""unit_price"": 20.0}, {""product_id"": ""p015"", ""qty"": 1, ""unit_price"": 40.0}]"
sale_20251125_0098,2025-11-25 20:03:02,75.0,INR,"[{""product_id"": ""p017"", ""qty"": 1, ""unit_price"": 50.0}, {""product_id"": ""p020"", ""qty"": 1, ""unit_price"": 25.0}]"
sale_20251125_0099,2025-11-25 08:30:04,180.0,INR,"[{""product_id"": ""p004"", ""qty"": 3, ""unit_price"": 60.0}]"
sale_20251125_0100,2025-11-25 19:23:05,30.0,INR,"[{""product_id"": ""p019"", ""qty"": 1, ""unit_price"": 5.0}, {""product_id"": ""p020"", ""qty"": 1, ""unit_price"": 25.0}]"
sale_20251125_0101,2025-11-25 07:31:02,155.0,INR,"[{""product_id"": ""p003"", ""qty"": 1, ""unit_price"": 45.0}, {""product_id"": ""p004"", ""qty"": 1, ""unit_price"": 60.0}, {""product_id"": ""p011"", ""qty"": 1, ""unit_price"": 50.0}]"
sale_20251125_0102,2025-11-25 11:22:00,28.0,INR,"[{""product_id"": ""p006"", ""qty"": 2, ""unit_price"": 14.0}]"
sale_20251125_0103,2025-11-25 18:04:03,70.0,INR,"[{""product_id"": ""p001"", ""qty"": 1, ""unit_price"": 30.0}, {""product_id"": ""p015"", ""qty"": 1, ""unit_price"": 40.0}]"
sale_20251125_0104,2025-11-25 19:34:13,180.0,INR,"[{""product_id"": ""p001"", ""qty"": 1, ""unit_price"": 30.0}, {""product_id"": ""p005"", ""qty"": 1, ""unit_price"": 150.0}]"
sale_20251125_0105,2025-11-25 08:50:19,110.0,INR,"[{""product_id"": ""p004"", ""qty"": 1, ""unit_price"": 60.0}, {""product_id"": ""p011"", ""qty"": 1, ""unit_price"": 50.0}]"
sale_20251125_0106,2025-11-25 08:39:57,260.0,INR,"[{""product_id"": ""p003"", ""qty"": 2, ""unit_price"": 45.0}, {""product_id"": ""p004"", ""qty"": 2, ""unit_price"": 60.0}, {""product_id"": ""p011"", ""qty"": 1, ""unit_price"": 50.0}]"
sale_20251125_0107,2025-11-25 20:20:59,60.0,INR,"[{""product_id"": ""p002"", ""qty"": 1, ""unit_price"": 20.0}, {""product_id"": ""p015"", ""qty"": 1, ""unit_price"": 40.0}]"
sale_20251125_0108,2025-11-25 20:21:37,100.0,INR,"[{""product_id"": ""p001"", ""qty"": 2, ""unit_price"": 30.0}, {""product_id"": ""p015"", ""qty"": 1, ""unit_price"": 40.0}]"
sale_20251125_0109,2025-11-25 18:37:55,60.0,INR,"[{""product_id"": ""p002"", ""qty"": 1, ""unit_price"": 20.0}, {""product_id"": ""p015"", ""qty"": 1, ""unit_price"": 40.0}]"
sale_20251125_0110,2025-11-25 12:36:56,14.0,INR,"[{""product_id"": ""p006"", ""qty"": 1, ""unit_price"": 14.0}]"
sale_20251125_0111,2025-11-25 12:51:35,200.0,INR,"[{""product_id"": ""p009"", ""qty"": 2, ""unit_price"": 55.0}, {""product_id"": ""p012"", ""qty"": 1, ""unit_price"": 90.0}]"
sale_20251126_0112,2025-11-26 14:53:14,279.0,INR,"[{""product_id"": ""p007"", ""qty"": 1, ""unit_price"": 180.0}, {""product_id"": ""p008"", ""qty"": 2, ""unit_price"": 22.0}, {""product_id"": ""p009"", ""qty"": 1, ""unit_price"": 55.0}]"
sale_20251126_0113,2025-11-26 19:21:28,68.0,INR,"[{""product_id"": ""p006"", ""qty"": 2, ""unit_price"": 14.0}, {""product_id"": ""p015"", ""qty"": 1, ""unit_price"": 40.0}]"
sale_20251126_0114,2025-11-26 19:42:44,54.0,INR,"[{""product_id"": ""p006"", ""qty"": 1, ""unit_price"": 14.0}, {""product_id"": ""p015"", ""qty"": 1, ""unit_price"": 40.0}]"
sale_20251126_0115,2025-11-26 21:42:54,105.0,INR,"[{""product_id"": ""p003"", ""qty"": 1, ""unit_price"": 45.0}, {""product_id"": ""p004"", ""qty"": 1, ""unit_price"": 60.0}]"
sale_20251126_0116,2025-11-26 18:08:24,125.0,INR,"[{""product_id"": ""p017"", ""qty"": 2, ""unit_price"": 50.0}, {""product_id"": ""p020"", ""qty"": 1, ""unit_price"": 25.0}]"
sale_20251126_0117,2025-11-26 19:23:49,60.0,INR,"[{""product_id"": ""p002"", ""qty"": 1, ""unit_price"": 20.0}, {""product_id"": ""p015"", ""qty"": 1, ""unit_price"": 40.0}]"
sale_20251126_0118,2025-11-26 11:28:01,100.0,INR,"[{""product_id"": ""p002"", ""qty"": 1, ""unit_price"": 20.0}, {""product_id"": ""p015"", ""qty"": 2, ""unit_price"": 40.0}]"
sale_20251126_0119,2025-11-26 18:24:03,330.0,INR,"[{""product_id"": ""p001"", ""qty"": 1, ""unit_price"": 30.0}, {""product_id"": ""p005"", ""qty"": 2, ""unit_price"": 150.0}]"
sale_20251126_0120,2025-11-26 08:28:59,105.0,INR,"[{""product_id"": ""p003"", ""qty"": 1, ""unit_price"": 45.0}, {""product_id"": ""p004"", ""qty"": 1, ""unit_price"": 60.0}]"
sale_20251126_0121,2025-11-26 10:51:07,60.0,INR,"[{""product_id"": ""p004"", ""qty"": 1, ""unit_price"": 60.0}]"
sale_20251126_0122,2025-11-26 08:21:13,105.0,INR,"[{""product_id"": ""p003"", ""qty"": 1, ""unit_price"": 45.0}, {""product_id"": ""p004"", ""qty"": 1, ""unit_price"": 60.0}]"
sale_20251126_0123,2025-11-26 14:04:43,54.0,INR,"[{""product_id"": ""p006"", ""qty"": 1, ""unit_price"": 14.0}, {""product_id"": ""p015"", ""qty"": 1, ""unit_price"": 40.0}]"
sale_20251126_0124,2025-11-26 12:57:31,94.0,INR,"[{""product_id"": ""p006"", ""qty"": 1, ""unit_price"": 14.0}, {""product_id"": ""p015"", ""qty"": 2, ""unit_price"": 40.0}]"
sale_20251126_0125,2025-11-26 10:36:39,300.0,INR,"[{""product_id"": ""p003"", ""qty"": 2, ""unit_price"": 45.0}, {""product_id"": ""p004"", ""qty"": 1, ""unit_price"": 60.0}, {""product_id"": ""p011"", ""qty"": 3, ""unit_price"": 50.0}]"
sale_20251126_0126,2025-11-26 20:59:06,20.0,INR,"[{""product_id"": ""p002"", ""qty"": 1, ""unit_price"": 20.0}]"
sale_20251126_0127,2025-11-26 19:03:09,60.0,INR,"[{""product_id"": ""p002"", ""qty"": 1, ""unit_price"": 20.0}, {""product_id"": ""p015"", ""qty"": 1, ""unit_price"": 40.0}]"
sale_20251126_0128,2025-11-26 17:32:29,180.0,INR,"[{""product_id"": ""p001"", ""qty"": 1, ""unit_price"": 30.0}, {""product_id"": ""p005"", ""qty"": 1, ""unit_price"": 150.0}]"
sale_20251126_0129,2025-11-26 20:31:16,70.0,INR,"[{""product_id"": ""p001"", ""qty"": 1, ""unit_price"": 30.0}, {""product_id"": ""p015"", ""qty"": 1, ""unit_price"": 40.0}]"
sale_20251126_0130,2025-11-26 20:56:37,100.0,INR,"[{""product_id"": ""p017"", ""qty"": 1, ""unit_price"": 50.0}, {""product_id"": ""p020"", ""qty"": 2, ""unit_price"": 25.0}]"
sale_20251126_0131,2025-11-26 08:36:12,110.0,INR,"[{""product_id"": ""p004"", ""qty"": 1, ""unit_price"": 60.0}, {""product_id"": ""p011"", ""qty"": 1, ""unit_price"": 50.0}]"
sale_20251126_0132,2025-11-26 20:34:34,68.0,INR,"[{""product_id"": ""p006"", ""qty"": 2, ""unit_price"": 14.0}, {""product_id"": ""p015"", ""qty"": 1, ""unit_price"": 40.0}]"
sale_20251126_0133,2025-11-26 17:10:15,125.0,INR,"[{""product_id"": ""p017"", ""qty"": 2, ""unit_price"": 50.0}, {""product_id"": ""p020"", ""qty"": 1, ""unit_price"": 25.0}]"
sale_20251126_0134,2025-11-26 19:41:13,80.0,INR,"[{""product_id"": ""p002"", ""qty"": 2, ""unit_price"": 20.0}, {""product_id"": ""p015"", ""qty"": 1, ""unit_price"": 40.0}]"
sale_20251126_0135,2025-11-26 07:11:09,330.0,INR,"[{""product_id"": ""p001"", ""qty"": 1, ""unit_price"": 30.0}, {""product_id"": ""p005"", ""qty"": 2, ""unit_price"": 150.0}]"
sale_20251126_0136,2025-11-26 16:15:36,330.0,INR,"[{""product_id"": ""p001"", ""qty"": 1, ""unit_price"": 30.0}, {""product_id"": ""p005"", ""qty"": 2, ""unit_price"": 150.0}]"
sale_20251126_0137,2025-11-26 21:16:28,20.0,INR,"[{""product_id"": ""p002"", ""qty"": 1, ""unit_price"": 20.0}]"
sale_20251126_0138,2025-11-26 20:51:50,30.0,INR,"[{""product_id"": ""p001"", ""qty"": 1, ""unit_price"": 30.0}]"
sale_20251126_0139,2025-11-26 12:51:40,285.0,INR,"[{""product_id"": ""p009"", ""qty"": 1, ""unit_price"": 55.0}, {""product_id"": ""p010"", ""qty"": 2, ""unit_price"": 70.0}, {""product_id"": ""p012"", ""qty"": 1, ""unit_price"": 90.0}]"
sale_20251126_0140,2025-11-26 07:43:00,60.0,INR,"[{""product_id"": ""p004"", ""qty"": 1, ""unit_price"": 60.0}]"
sale_20251126_0141,2025-11-26 07:42:03,180.0,INR,"[{""product_id"": ""p001"", ""qty"": 1, ""unit_price"": 30.0}, {""product_id"": ""p005"", ""qty"": 1, ""unit_price"": 150.0}]"
sale_20251126_0142,2025-11-26 22:01:28,275.0,INR,"[{""product_id"": ""p014"", ""qty"": 2, ""unit_price"": 120.0}, {""product_id"": ""p016"", ""qty"": 1, ""unit_price"": 35.0}]"
sale_20251126_0143,2025-11-26 12:49:55,257.0,INR,"[{""product_id"": ""p007"", ""qty"": 1, ""unit_price"": 180.0}, {""product_id"": ""p008"", ""qty"": 1, ""unit_price"": 22.0}, {""product_id"": ""p009"", ""qty"": 1, ""unit_price"": 55.0}]"
sale_20251126_0144,2025-11-26 19:51:31,85.0,INR,"[{""product_id"": ""p019"", ""qty"": 2, ""unit_price"": 5.0}, {""product_id"": ""p020"", ""qty"": 3, ""unit_price"": 25.0}]"
sale_20251126_0145,2025-11-26 14:28:30,14.0,INR,"[{""product_id"": ""p006"", ""qty"": 1, ""unit_price"": 14.0}]"
sale_20251126_0146,2025-11-26 18:31:59,70.0,INR,"[{""product_id"": ""p001"", ""qty"": 1, ""unit_price"": 30.0}, {""product_id"": ""p015"", ""qty"": 1, ""unit_price"": 40.0}]"
sale_20251126_0147,2025-11-26 17:15:19,140.0,INR,"[{""product_id"": ""p001"", ""qty"": 2, ""unit_price"": 30.0}, {""product_id"": ""p015"", ""qty"": 2, ""unit_price"": 40.0}]"
sale_20251126_0148,2025-11-26 10:54:17,105.0,INR,"[{""product_id"": ""p003"", ""qty"": 1, ""unit_price"": 45.0}, {""product_id"": ""p004"", ""qty"": 1, ""unit_price"": 60.0}]"
sale_20251126_0149,2025-11-26 09:10:08,360.0,INR,"[{""product_id"": ""p001"", ""qty"": 2, ""unit_price"": 30.0}, {""product_id"": ""p005"", ""qty"": 2, ""unit_price"": 150.0}]"
sale_20251126_0150,2025-11-26 18:43:16,5.0,INR,"[{""product_id"": ""p019"", ""qty"": 1, ""unit_price"": 5.0}]"
sale_20251126_0151,2025-11-26 10:20:30,105.0,INR,"[{""product_id"": ""p003"", ""qty"": 1, ""unit_price"": 45.0}, {""product_id"": ""p004"", ""qty"": 1, ""unit_price"": 60.0}]"
sale_20251126_0152,2025-11-26 10:32:27,210.0,INR,"[{""product_id"": ""p003"", ""qty"": 2, ""unit_price"": 45.0}, {""product_id"": ""p004"", ""qty"": 2, ""unit_price"": 60.0}]"
sale_20251126_0153,2025-11-26 21:50:51,14.0,INR,"[{""product_id"": ""p006"", ""qty"": 1, ""unit_price"": 14.0}]"
sale_20251126_0154,2025-11-26 18:38:24,75.0,INR,"[{""product_id"": ""p017"", ""qty"": 1, ""unit_price"": 50.0}, {""product_id"": ""p020"", ""qty"": 1, ""unit_price"": 25.0}]"
sale_20251127_0155,2025-11-27 09:54:14,110.0,INR,"[{""product_id"": ""p004"", ""qty"": 1, ""unit_price"": 60.0}, {""product_id"": ""p011"", ""qty"": 1, ""unit_price"": 50.0}]"
sale_20251127_0156,2025-11-27 18:00:12,54.0,INR,"[{""product_id"": ""p006"", ""qty"": 1, ""unit_price"": 14.0}, {""product_id"": ""p015"", ""qty"": 1, ""unit_price"": 40.0}]"
sale_20251127_0157,2025-11-27 20:35:28,60.0,INR,"[{""product_id"": ""p002"", ""qty"": 1, ""unit_price"": 20.0}, {""product_id"": ""p015"", ""qty"": 1, ""unit_price"": 40.0}]"
sale_20251127_0158,2025-11-27 17:37:20,75.0,INR,"[{""product_id"": ""p017"", ""qty"": 1, ""unit_price"": 50.0}, {""product_id"": ""p020"", ""qty"": 1, ""unit_price"": 25.0}]"
sale_20251127_0159,2025-11-27 07:22:53,180.0,INR,"[{""product_id"": ""p001"", ""qty"": 1, ""unit_price"": 30.0}, {""product_id"": ""p005"", ""qty"": 1, ""unit_price"": 150.0}]"
sale_20251127_0160,2025-11-27 18:01:57,150.0,INR,"[{""product_id"": ""p017"", ""qty"": 2, ""unit_price"": 50.0}, {""product_id"": ""p020"", ""qty"": 2, ""unit_price"": 25.0}]"
sale_20251127_0161,2025-11-27 09:57:06,330.0,INR,"[{""product_id"": ""p001"", ""qty"": 1, ""unit_price"": 30.0}, {""product_id"": ""p005"", ""qty"": 2, ""unit_price"": 150.0}]"
sale_20251127_0162,2025-11-27 09:14:25,155.0,INR,"[{""product_id"": ""p003"", ""qty"": 1, ""unit_price"": 45.0}, {""product_id"": ""p004"", ""qty"": 1, ""unit_price"": 60.0}, {""product_id"": ""p011"", ""qty"": 1, ""unit_price"": 50.0}]"
sale_20251127_0163,2025-11-27 20:33:37,70.0,INR,"[{""product_id"": ""p001"", ""qty"": 1, ""unit_price"": 30.0}, {""product_id"": ""p015"", ""qty"": 1, ""unit_price"": 40.0}]"
sale_20251127_0164,2025-11-27 20:16:12,100.0,INR,"[{""product_id"": ""p017"", ""qty"": 1, ""unit_price"": 50.0}, {""product_id"": ""p020"", ""qty"": 2, ""unit_price"": 25.0}]"
sale_20251127_0165,2025-11-27 09:45:20,165.0,INR,"[{""product_id"": ""p003"", ""qty"": 1, ""unit_price"": 45.0}, {""product_id"": ""p004"", ""qty"": 2, ""unit_price"": 60.0}]"
sale_20251127_0166,2025-11-27 07:35:13,105.0,INR,"[{""product_id"": ""p003"", ""qty"": 1, ""unit_price"": 45.0}, {""product_id"": ""p004"", ""qty"": 1, ""unit_price"": 60.0}]"
sale_20251127_0167,2025-11-27 14:09:09,28.0,INR,"[{""product_id"": ""p006"", ""qty"": 2, ""unit_price"": 14.0}]"
sale_20251127_0168,2025-11-27 20:14:41,94.0,INR,"[{""product_id"": ""p006"", ""qty"": 1, ""unit_price"": 14.0}, {""product_id"": ""p015"", ""qty"": 2, ""unit_price"": 40.0}]"
sale_20251127_0169,2025-11-27 07:54:16,155.0,INR,"[{""product_id"": ""p003"", ""qty"": 1, ""unit_price"": 45.0}, {""product_id"": ""p004"", ""qty"": 1, ""unit_price"": 60.0}, {""product_id"": ""p011"", ""qty"": 1, ""unit_price"": 50.0}]"
sale_20251127_0170,2025-11-27 20:01:57,30.0,INR,"[{""product_id"": ""p001"", ""qty"": 1, ""unit_price"": 30.0}]"
sale_20251127_0171,2025-11-27 17:05:12,60.0,INR,"[{""product_id"": ""p019"", ""qty"": 2, ""unit_price"": 5.0}, {""product_id"": ""p020"", ""qty"": 2, ""unit_price"": 25.0}]"
sale_20251127_0172,2025-11-27 19:48:23,80.0,INR,"[{""product_id"": ""p019"", ""qty"": 1, ""unit_price"": 5.0}, {""product_id"": ""p020"", ""qty"": 3, ""unit_price"": 25.0}]"
sale_20251127_0173,2025-11-27 19:33:21,5.0,INR,"[{""product_id"": ""p019"", ""qty"": 1, ""unit_price"": 5.0}]"
sale_20251127_0174,2025-11-27 10:24:30,110.0,INR,"[{""product_id"": ""p004"", ""qty"": 1, ""unit_price"": 60.0}, {""product_id"": ""p011"", ""qty"": 1, ""unit_price"": 50.0}]"
sale_20251127_0175,2025-11-27 07:31:22,250.0,INR,"[{""product_id"": ""p003"", ""qty"": 2, ""unit_price"": 45.0}, {""product_id"": ""p004"", ""qty"": 1, ""unit_price"": 60.0}, {""product_id"": ""p011"", ""qty"": 2, ""unit_price"": 50.0}]"
sale_20251127_0176,2025-11-27 07:54:00,210.0,INR,"[{""product_id"": ""p001"", ""qty"": 2, ""unit_price"": 30.0}, {""product_id"": ""p005"", ""qty"": 1, ""unit_price"": 150.0}]"
sale_20251127_0177,2025-11-27 22:00:07,5.0,INR,"[{""product_id"": ""p019"", ""qty"": 1, ""unit_price"": 5.0}]"
sale_20251127_0178,2025-11-27 18:29:53,120.0,INR,"[{""product_id"": ""p002"", ""qty"": 2, ""unit_price"": 20.0}, {""product_id"": ""p015"", ""qty"": 2, ""unit_price"": 40.0}]"
sale_20251127_0179,2025-11-27 07:13:55,105.0,INR,"[{""product_id"": ""p003"", ""qty"": 1, ""unit_price"": 45.0}, {""product_id"": ""p004"", ""qty"": 1, ""unit_price"": 60.0}]"
sale_20251127_0180,2025-11-27 17:58:27,55.0,INR,"[{""product_id"": ""p019"", ""qty"": 1, ""unit_price"": 5.0}, {""product_id"": ""p020"", ""qty"": 2, ""unit_price"": 25.0}]"
sale_20251127_0181,2025-11-27 20:35:32,75.0,INR,"[{""product_id"": ""p017"", ""qty"": 1, ""unit_price"": 50.0}, {""product_id"": ""p020"", ""qty"": 1, ""unit_price"": 25.0}]"
sale_20251127_0182,2025-11-27 20:45:53,75.0,INR,"[{""product_id"": ""p017"", ""qty"": 1, ""unit_price"": 50.0}, {""product_id"": ""p020"", ""qty"": 1, ""unit_price"": 25.0}]"
sale_20251127_0183,2025-11-27 20:30:14,330.0,INR,"[{""product_id"": ""p001"", ""qty"": 1, ""unit_price"": 30.0}, {""product_id"": ""p005"", ""qty"": 2, ""unit_price"": 150.0}]"
sale_20251127_0184,2025-11-27 19:08:56,60.0,INR,"[{""product_id"": ""p002"", ""qty"": 1, ""unit_price"": 20.0}, {""product_id"": ""p015"", ""qty"": 1, ""unit_price"": 40.0}]"
sale_20251127_0185,2025-11-27 17:01:40,210.0,INR,"[{""product_id"": ""p001"", ""qty"": 2, ""unit_price"": 30.0}, {""product_id"": ""p005"", ""qty"": 1, ""unit_price"": 150.0}]"
sale_20251127_0186,2025-11-27 14:48:17,257.0,INR,"[{""product_id"": ""p007"", ""qty"": 1, ""unit_price"": 180.0}, {""product_id"": ""p008"", ""qty"": 1, ""unit_price"": 22.0}, {""product_id"": ""p009"", ""qty"": 1, ""unit_price"": 55.0}]"
sale_20251127_0187,2025-11-27 19:25:44,40.0,INR,"[{""product_id"": ""p015"", ""qty"": 1, ""unit_price"": 40.0}]"
sale_20251127_0188,2025-11-27 21:54:51,155.0,INR,"[{""product_id"": ""p003"", ""qty"": 1, ""unit_price"": 45.0}, {""product_id"": ""p004"", ""qty"": 1, ""unit_price"": 60.0}, {""product_id"": ""p011"", ""qty"": 1, ""unit_price"": 50.0}]"
sale_20251127_0189,2025-11-27 10:41:17,110.0,INR,"[{""product_id"": ""p004"", ""qty"": 1, ""unit_price"": 60.0}, {""product_id"": ""p011"", ""qty"": 1, ""unit_price"": 50.0}]"
sale_20251127_0190,2025-11-27 14:15:28,14.0,INR,"[{""product_id"": ""p006"", ""qty"": 1, ""unit_price"": 14.0}]"
sale_20251127_0191,2025-11-27 08:03:53,150.0,INR,"[{""product_id"": ""p003"", ""qty"": 2, ""unit_price"": 45.0}, {""product_id"": ""p004"", ""qty"": 1, ""unit_price"": 60.0}]"
sale_20251127_0192,2025-11-27 10:08:06,330.0,INR,"[{""product_id"": ""p001"", ""qty"": 1, ""unit_price"": 30.0}, {""product_id"": ""p005"", ""qty"": 2, ""unit_price"": 150.0}]"
sale_20251127_0193,2025-11-27 10:43:31,360.0,INR,"[{""product_id"": ""p001"", ""qty"": 2, ""unit_price"": 30.0}, {""product_id"": ""p005"", ""qty"": 2, ""unit_price"": 150.0}]"
sale_20251127_0194,2025-11-27 15:42:58,140.0,INR,"[{""product_id"": ""p001"", ""qty"": 2, ""unit_price"": 30.0}, {""product_id"": ""p015"", ""qty"": 2, ""unit_price"": 40.0}]"
sale_20251127_0195,2025-11-27 19:58:19,5.0,INR,"[{""product_id"": ""p019"", ""qty"": 1, ""unit_price"": 5.0}]"
sale_20251128_0196,2025-11-28 10:50:14,210.0,INR,"[{""product_id"": ""p001"", ""qty"": 2, ""unit_price"": 30.0}, {""product_id"": ""p005"", ""qty"": 1, ""unit_price"": 150.0}]"
sale_20251128_0197,2025-11-28 17:02:46,75.0,INR,"[{""product_id"": ""p017"", ""qty"": 1, ""unit_price"": 50.0}, {""product_id"": ""p020"", ""qty"": 1, ""unit_price"": 25.0}]"
sale_20251128_0198,2025-11-28 07:31:02,180.0,INR,"[{""product_id"": ""p001"", ""qty"": 1, ""unit_price"": 30.0}, {""product_id"": ""p005"", ""qty"": 1, ""unit_price"": 150.0}]"
sale_20251128_0199,2025-11-28 18:23:51,30.0,INR,"[{""product_id"": ""p001"", ""qty"": 1, ""unit_price"": 30.0}]"
sale_20251128_0200,2025-11-28 21:56:36,260.0,INR,"[{""product_id"": ""p003"", ""qty"": 2, ""unit_price"": 45.0}, {""product_id"": ""p004"", ""qty"": 2, ""unit_price"": 60.0}, {""product_id"": ""p011"", ""qty"": 1, ""unit_price"": 50.0}]"
sale_20251128_0201,2025-11-28 12:12:19,312.0,INR,"[{""product_id"": ""p007"", ""qty"": 1, ""unit_price"": 180.0}, {""product_id"": ""p008"", ""qty"": 1, ""unit_price"": 22.0}, {""product_id"": ""p009"", ""qty"": 2, ""unit_price"": 55.0}]"
sale_20251128_0202,2025-11-28 14:14:59,14.0,INR,"[{""product_id"": ""p006"", ""qty"": 1, ""unit_price"": 14.0}]"
sale_20251128_0203,2025-11-28 10:44:04,110.0,INR,"[{""product_id"": ""p004"", ""qty"": 1, ""unit_price"": 60.0}, {""product_id"": ""p011"", ""qty"": 1, ""unit_price"": 50.0}]"
sale_20251128_0204,2025-11-28 17:07:50,54.0,INR,"[{""product_id"": ""p006"", ""qty"": 1, ""unit_price"": 14.0}, {""product_id"": ""p015"", ""qty"": 1, ""unit_price"": 40.0}]"
sale_20251128_0205,2025-11-28 07:49:14,105.0,INR,"[{""product_id"": ""p003"", ""qty"": 1, ""unit_price"": 45.0}, {""product_id"": ""p004"", ""qty"": 1, ""unit_price"": 60.0}]"
sale_20251128_0206,2025-11-28 18:31:17,40.0,INR,"[{""product_id"": ""p015"", ""qty"": 1, ""unit_price"": 40.0}]"
sale_20251128_0207,2025-11-28 17:16:43,30.0,INR,"[{""product_id"": ""p001"", ""qty"": 1, ""unit_price"": 30.0}]"
sale_20251128_0208,2025-11-28 20:41:42,60.0,INR,"[{""product_id"": ""p002"", ""qty"": 1, ""unit_price"": 20.0}, {""product_id"": ""p015"", ""qty"": 1, ""unit_price"": 40.0}]"
sale_20251128_0209,2025-11-28 12:26:06,145.0,INR,"[{""product_id"": ""p009"", ""qty"": 1, ""unit_price"": 55.0}, {""product_id"": ""p012"", ""qty"": 1, ""unit_price"": 90.0}]"
sale_20251128_0210,2025-11-28 22:34:20,150.0,INR,"[{""product_id"": ""p003"", ""qty"": 2, ""unit_price"": 45.0}, {""product_id"": ""p004"", ""qty"": 1, ""unit_price"": 60.0}]"
sale_20251128_0211,2025-11-28 12:45:46,54.0,INR,"[{""product_id"": ""p006"", ""qty"": 1, ""unit_price"": 14.0}, {""product_id"": ""p015"", ""qty"": 1, ""unit_price"": 40.0}]"
sale_20251128_0212,2025-11-28 18:18:15,30.0,INR,"[{""product_id"": ""p001"", ""qty"": 1, ""unit_price"": 30.0}]"
sale_20251128_0213,2025-11-28 08:23:04,165.0,INR,"[{""product_id"": ""p003"", ""qty"": 1, ""unit_price"": 45.0}, {""product_id"": ""p004"", ""qty"": 2, ""unit_price"": 60.0}]"
sale_20251128_0214,2025-11-28 13:49:16,145.0,INR,"[{""product_id"": ""p009"", ""qty"": 1, ""unit_price"": 55.0}, {""product_id"": ""p012"", ""qty"": 1, ""unit_price"": 90.0}]"
sale_20251128_0215,2025-11-28 18:02:21,125.0,INR,"[{""product_id"": ""p017"", ""qty"": 2, ""unit_price"": 50.0}, {""product_id"": ""p020"", ""qty"": 1, ""unit_price"": 25.0}]"
sale_20251128_0216,2025-11-28 18:35:24,80.0,INR,"[{""product_id"": ""p015"", ""qty"": 2, ""unit_price"": 40.0}]"
sale_20251128_0217,2025-11-28 08:37:33,180.0,INR,"[{""product_id"": ""p001"", ""qty"": 1, ""unit_price"": 30.0}, {""product_id"": ""p005"", ""qty"": 1, ""unit_price"": 150.0}]"
sale_20251128_0218,2025-11-28 17:56:37,30.0,INR,"[{""product_id"": ""p001"", ""qty"": 1, ""unit_price"": 30.0}]"
sale_20251128_0219,2025-11-28 18:28:34,110.0,INR,"[{""product_id"": ""p001"", ""qty"": 1, ""unit_price"": 30.0}, {""product_id"": ""p015"", ""qty"": 2, ""unit_price"": 40.0}]"
sale_20251128_0220,2025-11-28 14:42:29,14.0,INR,"[{""product_id"": ""p006"", ""qty"": 1, ""unit_price"": 14.0}]"
sale_20251128_0221,2025-11-28 07:07:14,105.0,INR,"[{""product_id"": ""p003"", ""qty"": 1, ""unit_price"": 45.0}, {""product_id"": ""p004"", ""qty"": 1, ""unit_price"": 60.0}]"
sale_20251128_0222,2025-11-28 08:12:35,105.0,INR,"[{""product_id"": ""p003"", ""qty"": 1, ""unit_price"": 45.0}, {""product_id"": ""p004"", ""qty"": 1, ""unit_price"": 60.0}]"
sale_20251128_0223,2025-11-28 12:53:07,257.0,INR,"[{""product_id"": ""p007"", ""qty"": 1, ""unit_price"": 180.0}, {""product_id"": ""p008"", ""qty"": 1, ""unit_price"": 22.0}, {""product_id"": ""p009"", ""qty"": 1, ""unit_price"": 55.0}]"
sale_20251128_0224,2025-11-28 17:03:04,240.0,INR,"[{""product_id"": ""p001"", ""qty"": 3, ""unit_price"": 30.0}, {""product_id"": ""p005"", ""qty"": 1, ""unit_price"": 150.0}]"
sale_20251128_0225,2025-11-28 09:30:16,180.0,INR,"[{""product_id"": ""p001"", ""qty"": 1, ""unit_price"": 30.0}, {""product_id"": ""p005"", ""qty"": 1, ""unit_price"": 150.0}]"
sale_20251129_0226,2025-11-29 08:39:29,110.0,INR,"[{""product_id"": ""p004"", ""qty"": 1, ""unit_price"": 60.0}, {""product_id"": ""p011"", ""qty"": 1, ""unit_price"": 50.0}]"
sale_20251129_0227,2025-11-29 19:53:34,125.0,INR,"[{""product_id"": ""p017"", ""qty"": 2, ""unit_price"": 50.0}, {""product_id"": ""p020"", ""qty"": 1, ""unit_price"": 25.0}]"
sale_20251129_0228,2025-11-29 10:54:41,255.0,INR,"[{""product_id"": ""p003"", ""qty"": 3, ""unit_price"": 45.0}, {""product_id"": ""p004"", ""qty"": 2, ""unit_price"": 60.0}]"
sale_20251129_0229,2025-11-29 18:17:42,175.0,INR,"[{""product_id"": ""p017"", ""qty"": 3, ""unit_price"": 50.0}, {""product_id"": ""p020"", ""qty"": 1, ""unit_price"": 25.0}]"
sale_20251129_0230,2025-11-29 20:27:25,40.0,INR,"[{""product_id"": ""p019"", ""qty"": 3, ""unit_price"": 5.0}, {""product_id"": ""p020"", ""qty"": 1, ""unit_price"": 25.0}]"
sale_20251129_0231,2025-11-29 17:25:49,5.0,INR,"[{""product_id"": ""p019"", ""qty"": 1, ""unit_price"": 5.0}]"
sale_20251129_0232,2025-11-29 13:50:33,285.0,INR,"[{""product_id"": ""p009"", ""qty"": 1, ""unit_price"": 55.0}, {""product_id"": ""p010"", ""qty"": 2, ""unit_price"": 70.0}, {""product_id"": ""p012"", ""qty"": 1, ""unit_price"": 90.0}]"
sale_20251129_0233,2025-11-29 18:29:57,30.0,INR,"[{""product_id"": ""p001"", ""qty"": 1, ""unit_price"": 30.0}]"
sale_20251129_0234,2025-11-29 10:25:36,60.0,INR,"[{""product_id"": ""p004"", ""qty"": 1, ""unit_price"": 60.0}]"
sale_20251129_0235,2025-11-29 17:57:05,148.0,INR,"[{""product_id"": ""p006"", ""qty"": 2, ""unit_price"": 14.0}, {""product_id"": ""p015"", ""qty"": 3, ""unit_price"": 40.0}]"
sale_20251129_0236,2025-11-29 08:20:56,60.0,INR,"[{""product_id"": ""p004"", ""qty"": 1, ""unit_price"": 60.0}]"
sale_20251129_0237,2025-11-29 18:56:11,5.0,INR,"[{""product_id"": ""p019"", ""qty"": 1, ""unit_price"": 5.0}]"
sale_20251129_0238,2025-11-29 12:25:51,14.0,INR,"[{""product_id"": ""p006"", ""qty"": 1, ""unit_price"": 14.0}]"
sale_20251129_0239,2025-11-29 13:00:43,14.0,INR,"[{""product_id"": ""p006"", ""qty"": 1, ""unit_price"": 14.0}]"
sale_20251129_0240,2025-11-29 10:21:20,155.0,INR,"[{""product_id"": ""p003"", ""qty"": 1, ""unit_price"": 45.0}, {""product_id"": ""p004"", ""qty"": 1, ""unit_price"": 60.0}, {""product_id"": ""p011"", ""qty"": 1, ""unit_price"": 50.0}]"
sale_20251129_0241,2025-11-29 12:58:36,14.0,INR,"[{""product_id"": ""p006"", ""qty"": 1, ""unit_price"": 14.0}]"
sale_20251129_0242,2025-11-29 10:07:40,160.0,INR,"[{""product_id"": ""p004"", ""qty"": 1, ""unit_price"": 60.0}, {""product_id"": ""p011"", ""qty"": 2, ""unit_price"": 50.0}]"
sale_20251129_0243,2025-11-29 10:51:23,110.0,INR,"[{""product_id"": ""p004"", ""qty"": 1, ""unit_price"": 60.0}, {""product_id"": ""p011"", ""qty"": 1, ""unit_price"": 50.0}]"
sale_20251129_0244,2025-11-29 19:25:51,20.0,INR,"[{""product_id"": ""p002"", ""qty"": 1, ""unit_price"": 20.0}]"
sale_20251129_0245,2025-11-29 10:42:50,105.0,INR,"[{""product_id"": ""p003"", ""qty"": 1, ""unit_price"": 45.0}, {""product_id"": ""p004"", ""qty"": 1, ""unit_price"": 60.0}]"
sale_20251129_0246,2025-11-29 17:03:17,94.0,INR,"[{""product_id"": ""p006"", ""qty"": 1, ""unit_price"": 14.0}, {""product_id"": ""p015"", ""qty"": 2, ""unit_price"": 40.0}]"
sale_20251129_0247,2025-11-29 14:43:01,14.0,INR,"[{""product_id"": ""p006"", ""qty"": 1, ""unit_price"": 14.0}]"
sale_20251129_0248,2025-11-29 20:41:00,70.0,INR,"[{""product_id"": ""p001"", ""qty"": 1, ""unit_price"": 30.0}, {""product_id"": ""p015"", ""qty"": 1, ""unit_price"": 40.0}]"
sale_20251129_0249,2025-11-29 13:06:04,257.0,INR,"[{""product_id"": ""p007"", ""qty"": 1, ""unit_price"": 180.0}, {""product_id"": ""p008"", ""qty"": 1, ""unit_price"": 22.0}, {""product_id"": ""p009"", ""qty"": 1, ""unit_price"": 55.0}]"
sale_20251129_0250,2025-11-29 10:05:16,390.0,INR,"[{""product_id"": ""p001"", ""qty"": 3, ""unit_price"": 30.0}, {""product_id"": ""p005"", ""qty"": 2, ""unit_price"": 150.0}]"
sale_20251129_0251,2025-11-29 12:24:22,14.0,INR,"[{""product_id"": ""p006"", ""qty"": 1, ""unit_price"": 14.0}]"
sale_20251129_0252,2025-11-29 12:20:45,312.0,INR,"[{""product_id"": ""p007"", ""qty"": 1, ""unit_price"": 180.0}, {""product_id"": ""p008"", ""qty"": 1, ""unit_price"": 22.0}, {""product_id"": ""p009"", ""qty"": 2, ""unit_price"": 55.0}]"
sale_20251129_0253,2025-11-29 09:10:22,180.0,INR,"[{""product_id"": ""p001"", ""qty"": 1, ""unit_price"": 30.0}, {""product_id"": ""p005"", ""qty"": 1, ""unit_price"": 150.0}]"
sale_20251129_0254,2025-11-29 17:29:26,80.0,INR,"[{""product_id"": ""p015"", ""qty"": 2, ""unit_price"": 40.0}]"
sale_20251129_0255,2025-11-29 09:46:31,105.0,INR,"[{""product_id"": ""p003"", ""qty"": 1, ""unit_price"": 45.0}, {""product_id"": ""p004"", ""qty"": 1, ""unit_price"": 60.0}]"
sale_20251129_0256,2025-11-29 13:37:08,145.0,INR,"[{""product_id"": ""p009"", ""qty"": 1, ""unit_price"": 55.0}, {""product_id"": ""p012"", ""qty"": 1, ""unit_price"": 90.0}]"
sale_20251129_0257,2025-11-29 19:56:44,40.0,INR,"[{""product_id"": ""p015"", ""qty"": 1, ""unit_price"": 40.0}]"
sale_20251130_0258,2025-11-30 19:11:59,70.0,INR,"[{""product_id"": ""p001"", ""qty"": 1, ""unit_price"": 30.0}, {""product_id"": ""p015"", ""qty"": 1, ""unit_price"": 40.0}]"
sale_20251130_0259,2025-11-30 17:46:06,5.0,INR,"[{""product_id"": ""p019"", ""qty"": 1, ""unit_price"": 5.0}]"
sale_20251130_0260,2025-11-30 17:49:52,210.0,INR,"[{""product_id"": ""p001"", ""qty"": 2, ""unit_price"": 30.0}, {""product_id"": ""p005"", ""qty"": 1, ""unit_price"": 150.0}]"
sale_20251130_0261,2025-11-30 19:55:16,75.0,INR,"[{""product_id"": ""p017"", ""qty"": 1, ""unit_price"": 50.0}, {""product_id"": ""p020"", ""qty"": 1, ""unit_price"": 25.0}]"
sale_20251130_0262,2025-11-30 14:05:11,290.0,INR,"[{""product_id"": ""p009"", ""qty"": 2, ""unit_price"": 55.0}, {""product_id"": ""p012"", ""qty"": 2, ""unit_price"": 90.0}]"
sale_20251130_0263,2025-11-30 20:26:29,5.0,INR,"[{""product_id"": ""p019"", ""qty"": 1, ""unit_price"": 5.0}]"
sale_20251130_0264,2025-11-30 07:30:57,165.0,INR,"[{""product_id"": ""p003"", ""qty"": 1, ""unit_price"": 45.0}, {""product_id"": ""p004"", ""qty"": 2, ""unit_price"": 60.0}]"
sale_20251130_0265,2025-11-30 22:27:52,20.0,INR,"[{""product_id"": ""p002"", ""qty"": 1, ""unit_price"": 20.0}]"
sale_20251130_0266,2025-11-30 12:23:08,235.0,INR,"[{""product_id"": ""p009"", ""qty"": 1, ""unit_price"": 55.0}, {""product_id"": ""p012"", ""qty"": 2, ""unit_price"": 90.0}]"
sale_20251130_0267,2025-11-30 09:22:28,330.0,INR,"[{""product_id"": ""p001"", ""qty"": 1, ""unit_price"": 30.0}, {""product_id"": ""p005"", ""qty"": 2, ""unit_price"": 150.0}]"
sale_20251130_0268,2025-11-30 08:01:40,110.0,INR,"[{""product_id"": ""p004"", ""qty"": 1, ""unit_price"": 60.0}, {""product_id"": ""p011"", ""qty"": 1, ""unit_price"": 50.0}]"
sale_20251130_0269,2025-11-30 16:03:27,105.0,INR,"[{""product_id"": ""p003"", ""qty"": 1, ""unit_price"": 45.0}, {""product_id"": ""p004"", ""qty"": 1, ""unit_price"": 60.0}]"
sale_20251130_0270,2025-11-30 10:17:43,120.0,INR,"[{""product_id"": ""p004"", ""qty"": 2, ""unit_price"": 60.0}]"
sale_20251130_0271,2025-11-30 07:31:13,210.0,INR,"[{""product_id"": ""p001"", ""qty"": 2, ""unit_price"": 30.0}, {""product_id"": ""p005"", ""qty"": 1, ""unit_price"": 150.0}]"
sale_20251130_0272,2025-11-30 12:32:20,200.0,INR,"[{""product_id"": ""p009"", ""qty"": 2, ""unit_price"": 55.0}, {""product_id"": ""p012"", ""qty"": 1, ""unit_price"": 90.0}]"
sale_20251130_0273,2025-11-30 20:19:31,30.0,INR,"[{""product_id"": ""p019"", ""qty"": 1, ""unit_price"": 5.0}, {""product_id"": ""p020"", ""qty"": 1, ""unit_price"": 25.0}]"
sale_20251130_0274,2025-11-30 20:41:31,20.0,INR,"[{""product_id"": ""p002"", ""qty"": 1, ""unit_price"": 20.0}]"
sale_20251130_0275,2025-11-30 10:51:33,180.0,INR,"[{""product_id"": ""p001"", ""qty"": 1, ""unit_price"": 30.0}, {""product_id"": ""p005"", ""qty"": 1, ""unit_price"": 150.0}]"
sale_20251130_0276,2025-11-30 14:54:42,145.0,INR,"[{""product_id"": ""p009"", ""qty"": 1, ""unit_price"": 55.0}, {""product_id"": ""p012"", ""qty"": 1, ""unit_price"": 90.0}]"
sale_20251130_0277,2025-11-30 18:48:00,80.0,INR,"[{""product_id"": ""p002"", ""qty"": 2, ""unit_price"": 20.0}, {""product_id"": ""p015"", ""qty"": 1, ""unit_price"": 40.0}]"
sale_20251130_0278,2025-11-30 14:38:31,54.0,INR,"[{""product_id"": ""p006"", ""qty"": 1, ""unit_price"": 14.0}, {""product_id"": ""p015"", ""qty"": 1, ""unit_price"": 40.0}]"
sale_20251130_0279,2025-11-30 10:57:10,155.0,INR,"[{""product_id"": ""p003"", ""qty"": 1, ""unit_price"": 45.0}, {""product_id"": ""p004"", ""qty"": 1, ""unit_price"": 60.0}, {""product_id"": ""p011"", ""qty"": 1, ""unit_price"": 50.0}]"
sale_20251130_0280,2025-11-30 19:56:31,70.0,INR,"[{""product_id"": ""p001"", ""qty"": 1, ""unit_price"": 30.0}, {""product_id"": ""p015"", ""qty"": 1, ""unit_price"": 40.0}]"
sale_20251130_0281,2025-11-30 07:21:28,105.0,INR,"[{""product_id"": ""p003"", ""qty"": 1, ""unit_price"": 45.0}, {""product_id"": ""p004"", ""qty"": 1, ""unit_price"": 60.0}]"
sale_20251130_0282,2025-11-30 13:05:23,108.0,INR,"[{""product_id"": ""p006"", ""qty"": 2, ""unit_price"": 14.0}, {""product_id"": ""p015"", ""qty"": 2, ""unit_price"": 40.0}]"
sale_20251130_0283,2025-11-30 10:26:10,110.0,INR,"[{""product_id"": ""p004"", ""qty"": 1, ""unit_price"": 60.0}, {""product_id"": ""p011"", ""qty"": 1, ""unit_price"": 50.0}]"
sale_20251130_0284,2025-11-30 12:30:37,28.0,INR,"[{""product_id"": ""p006"", ""qty"": 2, ""unit_price"": 14.0}]"
sale_20251130_0285,2025-11-30 07:07:39,170.0,INR,"[{""product_id"": ""p004"", ""qty"": 2, ""unit_price"": 60.0}, {""product_id"": ""p011"", ""qty"": 1, ""unit_price"": 50.0}]"
sale_20251130_0286,2025-11-30 12:57:11,28.0,INR,"[{""product_id"": ""p006"", ""qty"": 2, ""unit_price"": 14.0}]"
sale_20251130_0287,2025-11-30 09:37:10,120.0,INR,"[{""product_id"": ""p004"", ""qty"": 2, ""unit_price"": 60.0}]"
sale_20251130_0288,2025-11-30 13:03:58,290.0,INR,"[{""product_id"": ""p009"", ""qty"": 2, ""unit_price"": 55.0}, {""product_id"": ""p012"", ""qty"": 2, ""unit_price"": 90.0}]"
sale_20251130_0289,2025-11-30 14:41:06,68.0,INR,"[{""product_id"": ""p006"", ""qty"": 2, ""unit_price"": 14.0}, {""product_id"": ""p015"", ""qty"": 1, ""unit_price"": 40.0}]"
sale_20251130_0290,2025-11-30 07:58:16,330.0,INR,"[{""product_id"": ""p001"", ""qty"": 1, ""unit_price"": 30.0}, {""product_id"": ""p005"", ""qty"": 2, ""unit_price"": 150.0}]"
sale_20251130_0291,2025-11-30 14:32:03,14.0,INR,"[{""product_id"": ""p006"", ""qty"": 1, ""unit_price"": 14.0}]"
sale_20251130_0292,2025-11-30 19:53:15,54.0,INR,"[{""product_id"": ""p006"", ""qty"": 1, ""unit_price"": 14.0}, {""product_id"": ""p015"", ""qty"": 1, ""unit_price"": 40.0}]"
sale_20251130_0293,2025-11-30 19:18:24,75.0,INR,"[{""product_id"": ""p017"", ""qty"": 1, ""unit_price"": 50.0}, {""product_id"": ""p020"", ""qty"": 1, ""unit_price"": 25.0}]"
sale_20251130_0294,2025-11-30 15:16:39,110.0,INR,"[{""product_id"": ""p004"", ""qty"": 1, ""unit_price"": 60.0}, {""product_id"": ""p011"", ""qty"": 1, ""unit_price"": 50.0}]"
sale_20251130_0295,2025-11-30 17:05:15,75.0,INR,"[{""product_id"": ""p017"", ""qty"": 1, ""unit_price"": 50.0}, {""product_id"": ""p020"", ""qty"": 1, ""unit_price"": 25.0}]"
sale_20251130_0296,2025-11-30 20:52:01,30.0,INR,"[{""product_id"": ""p019"", ""qty"": 1, ""unit_price"": 5.0}, {""product_id"": ""p020"", ""qty"": 1, ""unit_price"": 25.0}]"
sale_20251130_0297,2025-11-30 19:15:29,120.0,INR,"[{""product_id"": ""p002"", ""qty"": 2, ""unit_price"": 20.0}, {""product_id"": ""p015"", ""qty"": 2, ""unit_price"": 40.0}]"
sale_20251130_0298,2025-11-30 18:57:05,30.0,INR,"[{""product_id"": ""p001"", ""qty"": 1, ""unit_price"": 30.0}]"
sale_20251130_0299,2025-11-30 19:36:16,180.0,INR,"[{""product_id"": ""p001"", ""qty"": 1, ""unit_price"": 30.0}, {""product_id"": ""p005"", ""qty"": 1, ""unit_price"": 150.0}]"
sale_20251130_0300,2025-11-30 07:56:37,105.0,INR,"[{""product_id"": ""p003"", ""qty"": 1, ""unit_price"": 45.0}, {""product_id"": ""p004"", ""qty"": 1, ""unit_price"": 60.0}]"
sale_20251130_0301,2025-11-30 07:34:12,105.0,INR,"[{""product_id"": ""p003"", ""qty"": 1, ""unit_price"": 45.0}, {""product_id"": ""p004"", ""qty"": 1, ""unit_price"": 60.0}]"
sale_20251201_0302,2025-12-01 20:29:45,40.0,INR,"[{""product_id"": ""p015"", ""qty"": 1, ""unit_price"": 40.0}]"
sale_20251201_0303,2025-12-01 10:24:47,60.0,INR,"[{""product_id"": ""p004"", ""qty"": 1, ""unit_price"": 60.0}]"
sale_20251201_0304,2025-12-01 07:51:33,230.0,INR,"[{""product_id"": ""p004"", ""qty"": 3, ""unit_price"": 60.0}, {""product_id"": ""p011"", ""qty"": 1, ""unit_price"": 50.0}]"
sale_20251201_0305,2025-12-01 19:37:18,40.0,INR,"[{""product_id"": ""p002"", ""qty"": 2, ""unit_price"": 20.0}]"
sale_20251201_0306,2025-12-01 10:41:56,110.0,INR,"[{""product_id"": ""p004"", ""qty"": 1, ""unit_price"": 60.0}, {""product_id"": ""p011"", ""qty"": 1, ""unit_price"": 50.0}]"
sale_20251201_0307,2025-12-01 20:19:01,20.0,INR,"[{""product_id"": ""p002"", ""qty"": 1, ""unit_price"": 20.0}]"
sale_20251201_0308,2025-12-01 18:25:57,180.0,INR,"[{""product_id"": ""p001"", ""qty"": 1, ""unit_price"": 30.0}, {""product_id"": ""p005"", ""qty"": 1, ""unit_price"": 150.0}]"
sale_20251201_0309,2025-12-01 20:44:52,180.0,INR,"[{""product_id"": ""p001"", ""qty"": 1, ""unit_price"": 30.0}, {""product_id"": ""p005"", ""qty"": 1, ""unit_price"": 150.0}]"
sale_20251201_0310,2025-12-01 10:54:51,105.0,INR,"[{""product_id"": ""p003"", ""qty"": 1, ""unit_price"": 45.0}, {""product_id"": ""p004"", ""qty"": 1, ""unit_price"": 60.0}]"
sale_20251201_0311,2025-12-01 18:05:51,40.0,INR,"[{""product_id"": ""p015"", ""qty"": 1, ""unit_price"": 40.0}]"
sale_20251201_0312,2025-12-01 16:16:47,14.0,INR,"[{""product_id"": ""p006"", ""qty"": 1, ""unit_price"": 14.0}]"
sale_20251201_0313,2025-12-01 18:36:11,5.0,INR,"[{""product_id"": ""p019"", ""qty"": 1, ""unit_price"": 5.0}]"
sale_20251201_0314,2025-12-01 19:22:46,55.0,INR,"[{""product_id"": ""p019"", ""qty"": 1, ""unit_price"": 5.0}, {""product_id"": ""p020"", ""qty"": 2, ""unit_price"": 25.0}]"
sale_20251201_0315,2025-12-01 10:30:36,110.0,INR,"[{""product_id"": ""p004"", ""qty"": 1, ""unit_price"": 60.0}, {""product_id"": ""p011"", ""qty"": 1, ""unit_price"": 50.0}]"
sale_20251201_0316,2025-12-01 17:41:29,180.0,INR,"[{""product_id"": ""p001"", ""qty"": 1, ""unit_price"": 30.0}, {""product_id"": ""p005"", ""qty"": 1, ""unit_price"": 150.0}]"
sale_20251201_0317,2025-12-01 14:52:09,14.0,INR,"[{""product_id"": ""p006"", ""qty"": 1, ""unit_price"": 14.0}]"
sale_20251201_0318,2025-12-01 09:27:20,360.0,INR,"[{""product_id"": ""p001"", ""qty"": 2, ""unit_price"": 30.0}, {""product_id"": ""p005"", ""qty"": 2, ""unit_price"": 150.0}]"
sale_20251201_0319,2025-12-01 13:19:45,68.0,INR,"[{""product_id"": ""p006"", ""qty"": 2, ""unit_price"": 14.0}, {""product_id"": ""p015"", ""qty"": 1, ""unit_price"": 40.0}]"
sale_20251201_0320,2025-12-01 18:14:43,68.0,INR,"[{""product_id"": ""p006"", ""qty"": 2, ""unit_price"": 14.0}, {""product_id"": ""p015"", ""qty"": 1, ""unit_price"": 40.0}]"
sale_20251201_0321,2025-12-01 17:18:45,60.0,INR,"[{""product_id"": ""p002"", ""qty"": 1, ""unit_price"": 20.0}, {""product_id"": ""p015"", ""qty"": 1, ""unit_price"": 40.0}]"
sale_20251201_0322,2025-12-01 20:05:22,180.0,INR,"[{""product_id"": ""p001"", ""qty"": 1, ""unit_price"": 30.0}, {""product_id"": ""p005"", ""qty"": 1, ""unit_price"": 150.0}]"
sale_20251201_0323,2025-12-01 14:06:34,235.0,INR,"[{""product_id"": ""p009"", ""qty"": 1, ""unit_price"": 55.0}, {""product_id"": ""p012"", ""qty"": 2, ""unit_price"": 90.0}]"
sale_20251201_0324,2025-12-01 17:03:51,30.0,INR,"[{""product_id"": ""p001"", ""qty"": 1, ""unit_price"": 30.0}]"
sale_20251201_0325,2025-12-01 18:02:35,330.0,INR,"[{""product_id"": ""p001"", ""qty"": 1, ""unit_price"": 30.0}, {""product_id"": ""p005"", ""qty"": 2, ""unit_price"": 150.0}]"
sale_20251201_0326,2025-12-01 10:50:56,60.0,INR,"[{""product_id"": ""p004"", ""qty"": 1, ""unit_price"": 60.0}]"
sale_20251201_0327,2025-12-01 10:30:51,180.0,INR,"[{""product_id"": ""p001"", ""qty"": 1, ""unit_price"": 30.0}, {""product_id"": ""p005"", ""qty"": 1, ""unit_price"": 150.0}]"
sale_20251201_0328,2025-12-01 19:31:02,70.0,INR,"[{""product_id"": ""p001"", ""qty"": 1, ""unit_price"": 30.0}, {""product_id"": ""p015"", ""qty"": 1, ""unit_price"": 40.0}]"
sale_20251201_0329,2025-12-01 17:04:14,80.0,INR,"[{""product_id"": ""p015"", ""qty"": 2, ""unit_price"": 40.0}]"
sale_20251201_0330,2025-12-01 15:10:59,80.0,INR,"[{""product_id"": ""p015"", ""qty"": 2, ""unit_price"": 40.0}]"
sale_20251201_0331,2025-12-01 20:23:52,125.0,INR,"[{""product_id"": ""p017"", ""qty"": 2, ""unit_price"": 50.0}, {""product_id"": ""p020"", ""qty"": 1, ""unit_price"": 25.0}]"
sale_20251201_0332,2025-12-01 10:24:13,230.0,INR,"[{""product_id"": ""p004"", ""qty"": 3, ""unit_price"": 60.0}, {""product_id"": ""p011"", ""qty"": 1, ""unit_price"": 50.0}]"
sale_20251201_0333,2025-12-01 17:30:54,68.0,INR,"[{""product_id"": ""p006"", ""qty"": 2, ""unit_price"": 14.0}, {""product_id"": ""p015"", ""qty"": 1, ""unit_price"": 40.0}]"
sale_20251201_0334,2025-12-01 10:10:40,105.0,INR,"[{""product_id"": ""p003"", ""qty"": 1, ""unit_price"": 45.0}, {""product_id"": ""p004"", ""qty"": 1, ""unit_price"": 60.0}]"
sale_20251201_0335,2025-12-01 17:49:53,40.0,INR,"[{""product_id"": ""p015"", ""qty"": 1, ""unit_price"": 40.0}]"
sale_20251201_0336,2025-12-01 07:47:20,180.0,INR,"[{""product_id"": ""p001"", ""qty"": 1, ""unit_price"": 30.0}, {""product_id"": ""p005"", ""qty"": 1, ""unit_price"": 150.0}]"
sale_20251201_0337,2025-12-01 20:25:43,80.0,INR,"[{""product_id"": ""p015"", ""qty"": 2, ""unit_price"": 40.0}]"
sale_20251201_0338,2025-12-01 20:37:45,100.0,INR,"[{""product_id"": ""p002"", ""qty"": 1, ""unit_price"": 20.0}, {""product_id"": ""p015"", ""qty"": 2, ""unit_price"": 40.0}]"
sale_20251201_0339,2025-12-01 07:41:27,265.0,INR,"[{""product_id"": ""p003"", ""qty"": 1, ""unit_price"": 45.0}, {""product_id"": ""p004"", ""qty"": 2, ""unit_price"": 60.0}, {""product_id"": ""p011"", ""qty"": 2, ""unit_price"": 50.0}]"
sale_20251201_0340,2025-12-01 20:13:57,20.0,INR,"[{""product_id"": ""p002"", ""qty"": 1, ""unit_price"": 20.0}]"
sale_20251201_0341,2025-12-01 17:39:06,30.0,INR,"[{""product_id"": ""p001"", ""qty"": 1, ""unit_price"": 30.0}]"
sale_20251201_0342,2025-12-01 09:51:58,180.0,INR,"[{""product_id"": ""p001"", ""qty"": 1, ""unit_price"": 30.0}, {""product_id"": ""p005"", ""qty"": 1, ""unit_price"": 150.0}]"
sale_20251201_0343,2025-12-01 07:03:41,195.0,INR,"[{""product_id"": ""p003"", ""qty"": 3, ""unit_price"": 45.0}, {""product_id"": ""p004"", ""qty"": 1, ""unit_price"": 60.0}]"
sale_20251201_0344,2025-12-01 10:21:46,60.0,INR,"[{""product_id"": ""p004"", ""qty"": 1, ""unit_price"": 60.0}]"
sale_20251201_0345,2025-12-01 20:44:48,10.0,INR,"[{""product_id"": ""p019"", ""qty"": 2, ""unit_price"": 5.0}]"
sale_20251201_0346,2025-12-01 07:08:45,160.0,INR,"[{""product_id"": ""p004"", ""qty"": 1, ""unit_price"": 60.0}, {""product_id"": ""p011"", ""qty"": 2, ""unit_price"": 50.0}]"
sale_20251202_0347,2025-12-02 10:04:21,105.0,INR,"[{""product_id"": ""p003"", ""qty"": 1, ""unit_price"": 45.0}, {""product_id"": ""p004"", ""qty"": 1, ""unit_price"": 60.0}]"
sale_20251202_0348,2025-12-02 10:39:23,60.0,INR,"[{""product_id"": ""p004"", ""qty"": 1, ""unit_price"": 60.0}]"
sale_20251202_0349,2025-12-02 10:44:17,60.0,INR,"[{""product_id"": ""p004"", ""qty"": 1, ""unit_price"": 60.0}]"
sale_20251202_0350,2025-12-02 08:32:18,180.0,INR,"[{""product_id"": ""p001"", ""qty"": 1, ""unit_price"": 30.0}, {""product_id"": ""p005"", ""qty"": 1, ""unit_price"": 150.0}]"
sale_20251202_0351,2025-12-02 19:45:40,60.0,INR,"[{""product_id"": ""p002"", ""qty"": 1, ""unit_price"": 20.0}, {""product_id"": ""p015"", ""qty"": 1, ""unit_price"": 40.0}]"
sale_20251202_0352,2025-12-02 18:46:16,60.0,INR,"[{""product_id"": ""p002"", ""qty"": 1, ""unit_price"": 20.0}, {""product_id"": ""p015"", ""qty"": 1, ""unit_price"": 40.0}]"
sale_20251202_0353,2025-12-02 12:48:48,14.0,INR,"[{""product_id"": ""p006"", ""qty"": 1, ""unit_price"": 14.0}]"
sale_20251202_0354,2025-12-02 18:21:15,20.0,INR,"[{""product_id"": ""p002"", ""qty"": 1, ""unit_price"": 20.0}]"
sale_20251202_0355,2025-12-02 17:57:20,110.0,INR,"[{""product_id"": ""p001"", ""qty"": 1, ""unit_price"": 30.0}, {""product_id"": ""p015"", ""qty"": 2, ""unit_price"": 40.0}]"
sale_20251202_0356,2025-12-02 21:41:22,205.0,INR,"[{""product_id"": ""p013"", ""qty"": 2, ""unit_price"": 85.0}, {""product_id"": ""p016"", ""qty"": 1, ""unit_price"": 35.0}]"
sale_20251202_0357,2025-12-02 09:49:44,120.0,INR,"[{""product_id"": ""p004"", ""qty"": 2, ""unit_price"": 60.0}]"
sale_20251202_0358,2025-12-02 12:01:58,28.0,INR,"[{""product_id"": ""p006"", ""qty"": 2, ""unit_price"": 14.0}]"
sale_20251202_0359,2025-12-02 10:22:44,510.0,INR,"[{""product_id"": ""p001"", ""qty"": 2, ""unit_price"": 30.0}, {""product_id"": ""p005"", ""qty"": 3, ""unit_price"": 150.0}]"
sale_20251202_0360,2025-12-02 12:51:40,14.0,INR,"[{""product_id"": ""p006"", ""qty"": 1, ""unit_price"": 14.0}]"
sale_20251202_0361,2025-12-02 18:00:29,20.0,INR,"[{""product_id"": ""p002"", ""qty"": 1, ""unit_price"": 20.0}]"
sale_20251202_0362,2025-12-02 20:46:44,20.0,INR,"[{""product_id"": ""p002"", ""qty"": 1, ""unit_price"": 20.0}]"
sale_20251202_0363,2025-12-02 18:34:15,75.0,INR,"[{""product_id"": ""p017"", ""qty"": 1, ""unit_price"": 50.0}, {""product_id"": ""p020"", ""qty"": 1, ""unit_price"": 25.0}]"
sale_20251202_0364,2025-12-02 14:37:28,108.0,INR,"[{""product_id"": ""p006"", ""qty"": 2, ""unit_price"": 14.0}, {""product_id"": ""p015"", ""qty"": 2, ""unit_price"": 40.0}]"
sale_20251202_0365,2025-12-02 19:54:52,60.0,INR,"[{""product_id"": ""p002"", ""qty"": 1, ""unit_price"": 20.0}, {""product_id"": ""p015"", ""qty"": 1, ""unit_price"": 40.0}]"
sale_20251202_0366,2025-12-02 11:22:16,40.0,INR,"[{""product_id"": ""p015"", ""qty"": 1, ""unit_price"": 40.0}]"
sale_20251202_0367,2025-12-02 20:30:39,60.0,INR,"[{""product_id"": ""p002"", ""qty"": 1, ""unit_price"": 20.0}, {""product_id"": ""p015"", ""qty"": 1, ""unit_price"": 40.0}]"
sale_20251202_0368,2025-12-02 10:43:14,110.0,INR,"[{""product_id"": ""p004"", ""qty"": 1, ""unit_price"": 60.0}, {""product_id"": ""p011"", ""qty"": 1, ""unit_price"": 50.0}]"
sale_20251202_0369,2025-12-02 17:24:22,5.0,INR,"[{""product_id"": ""p019"", ""qty"": 1, ""unit_price"": 5.0}]"
sale_20251202_0370,2025-12-02 12:45:34,235.0,INR,"[{""product_id"": ""p009"", ""qty"": 1, ""unit_price"": 55.0}, {""product_id"": ""p012"", ""qty"": 2, ""unit_price"": 90.0}]"
sale_20251202_0371,2025-12-02 12:18:25,334.0,INR,"[{""product_id"": ""p007"", ""qty"": 1, ""unit_price"": 180.0}, {""product_id"": ""p008"", ""qty"": 2, ""unit_price"": 22.0}, {""product_id"": ""p009"", ""qty"": 2, ""unit_price"": 55.0}]"
sale_20251202_0372,2025-12-02 12:08:59,28.0,INR,"[{""product_id"": ""p006"", ""qty"": 2, ""unit_price"": 14.0}]"
sale_20251202_0373,2025-12-02 20:02:34,5.0,INR,"[{""product_id"": ""p019"", ""qty"": 1, ""unit_price"": 5.0}]"
sale_20251202_0374,2025-12-02 11:33:42,180.0,INR,"[{""product_id"": ""p001"", ""qty"": 1, ""unit_price"": 30.0}, {""product_id"": ""p005"", ""qty"": 1, ""unit_price"": 150.0}]"
sale_20251202_0375,2025-12-02 08:14:59,170.0,INR,"[{""product_id"": ""p004"", ""qty"": 2, ""unit_price"": 60.0}, {""product_id"": ""p011"", ""qty"": 1, ""unit_price"": 50.0}]"
sale_20251202_0376,2025-12-02 15:28:07,75.0,INR,"[{""product_id"": ""p017"", ""qty"": 1, ""unit_price"": 50.0}, {""product_id"": ""p020"", ""qty"": 1, ""unit_price"": 25.0}]"
sale_20251202_0377,2025-12-02 20:02:05,70.0,INR,"[{""product_id"": ""p001"", ""qty"": 1, ""unit_price"": 30.0}, {""product_id"": ""p015"", ""qty"": 1, ""unit_price"": 40.0}]"
sale_20251202_0378,2025-12-02 19:10:02,30.0,INR,"[{""product_id"": ""p019"", ""qty"": 1, ""unit_price"": 5.0}, {""product_id"": ""p020"", ""qty"": 1, ""unit_price"": 25.0}]"
sale_20251202_0379,2025-12-02 18:15:25,150.0,INR,"[{""product_id"": ""p017"", ""qty"": 2, ""unit_price"": 50.0}, {""product_id"": ""p020"", ""qty"": 2, ""unit_price"": 25.0}]"
sale_20251202_0380,2025-12-02 21:54:44,10.0,INR,"[{""product_id"": ""p019"", ""qty"": 2, ""unit_price"": 5.0}]"
sale_20251202_0381,2025-12-02 07:53:10,120.0,INR,"[{""product_id"": ""p004"", ""qty"": 2, ""unit_price"": 60.0}]"
sale_20251202_0382,2025-12-02 20:31:56,40.0,INR,"[{""product_id"": ""p015"", ""qty"": 1, ""unit_price"": 40.0}]"
sale_20251202_0383,2025-12-02 17:50:07,75.0,INR,"[{""product_id"": ""p017"", ""qty"": 1, ""unit_price"": 50.0}, {""product_id"": ""p020"", ""qty"": 1, ""unit_price"": 25.0}]"
sale_20251202_0384,2025-12-02 14:14:59,437.0,INR,"[{""product_id"": ""p007"", ""qty"": 2, ""unit_price"": 180.0}, {""product_id"": ""p008"", ""qty"": 1, ""unit_price"": 22.0}, {""product_id"": ""p009"", ""qty"": 1, ""unit_price"": 55.0}]"
sale_20251202_0385,2025-12-02 20:02:31,140.0,INR,"[{""product_id"": ""p001"", ""qty"": 2, ""unit_price"": 30.0}, {""product_id"": ""p015"", ""qty"": 2, ""unit_price"": 40.0}]"
sale_20251202_0386,2025-12-02 19:33:41,75.0,INR,"[{""product_id"": ""p017"", ""qty"": 1, ""unit_price"": 50.0}, {""product_id"": ""p020"", ""qty"": 1, ""unit_price"": 25.0}]"
sale_20251202_0387,2025-12-02 17:29:59,70.0,INR,"[{""product_id"": ""p001"", ""qty"": 1, ""unit_price"": 30.0}, {""product_id"": ""p015"", ""qty"": 1, ""unit_price"": 40.0}]"
sale_20251203_0388,2025-12-03 21:51:20,60.0,INR,"[{""product_id"": ""p002"", ""qty"": 1, ""unit_price"": 20.0}, {""product_id"": ""p015"", ""qty"": 1, ""unit_price"": 40.0}]"
sale_20251203_0389,2025-12-03 21:54:35,60.0,INR,"[{""product_id"": ""p004"", ""qty"": 1, ""unit_price"": 60.0}]"
sale_20251203_0390,2025-12-03 20:04:06,40.0,INR,"[{""product_id"": ""p015"", ""qty"": 1, ""unit_price"": 40.0}]"
sale_20251203_0391,2025-12-03 12:53:18,54.0,INR,"[{""product_id"": ""p006"", ""qty"": 1, ""unit_price"": 14.0}, {""product_id"": ""p015"", ""qty"": 1, ""unit_price"": 40.0}]"
sale_20251203_0392,2025-12-03 10:25:35,120.0,INR,"[{""product_id"": ""p004"", ""qty"": 2, ""unit_price"": 60.0}]"
sale_20251203_0393,2025-12-03 20:12:24,60.0,INR,"[{""product_id"": ""p002"", ""qty"": 1, ""unit_price"": 20.0}, {""product_id"": ""p015"", ""qty"": 1, ""unit_price"": 40.0}]"
sale_20251203_0394,2025-12-03 20:34:15,80.0,INR,"[{""product_id"": ""p002"", ""qty"": 2, ""unit_price"": 20.0}, {""product_id"": ""p015"", ""qty"": 1, ""unit_price"": 40.0}]"
sale_20251203_0395,2025-12-03 08:50:08,170.0,INR,"[{""product_id"": ""p004"", ""qty"": 2, ""unit_price"": 60.0}, {""product_id"": ""p011"", ""qty"": 1, ""unit_price"": 50.0}]"
sale_20251203_0396,2025-12-03 10:17:30,280.0,INR,"[{""product_id"": ""p004"", ""qty"": 3, ""unit_price"": 60.0}, {""product_id"": ""p011"", ""qty"": 2, ""unit_price"": 50.0}]"
sale_20251203_0397,2025-12-03 14:03:04,14.0,INR,"[{""product_id"": ""p006"", ""qty"": 1, ""unit_price"": 14.0}]"
sale_20251203_0398,2025-12-03 13:16:22,14.0,INR,"[{""product_id"": ""p006"", ""qty"": 1, ""unit_price"": 14.0}]"
sale_20251203_0399,2025-12-03 09:24:54,180.0,INR,"[{""product_id"": ""p001"", ""qty"": 1, ""unit_price"": 30.0}, {""product_id"": ""p005"", ""qty"": 1, ""unit_price"": 150.0}]"
sale_20251203_0400,2025-12-03 19:18:04,30.0,INR,"[{""product_id"": ""p001"", ""qty"": 1, ""unit_price"": 30.0}]"
sale_20251203_0401,2025-12-03 12:34:52,54.0,INR,"[{""product_id"": ""p006"", ""qty"": 1, ""unit_price"": 14.0}, {""product_id"": ""p015"", ""qty"": 1, ""unit_price"": 40.0}]"
sale_20251203_0402,2025-12-03 22:31:15,105.0,INR,"[{""product_id"": ""p003"", ""qty"": 1, ""unit_price"": 45.0}, {""product_id"": ""p004"", ""qty"": 1, ""unit_price"": 60.0}]"
sale_20251203_0403,2025-12-03 20:44:41,80.0,INR,"[{""product_id"": ""p015"", ""qty"": 2, ""unit_price"": 40.0}]"
sale_20251203_0404,2025-12-03 18:26:53,180.0,INR,"[{""product_id"": ""p001"", ""qty"": 1, ""unit_price"": 30.0}, {""product_id"": ""p005"", ""qty"": 1, ""unit_price"": 150.0}]"
sale_20251203_0405,2025-12-03 13:51:58,215.0,INR,"[{""product_id"": ""p009"", ""qty"": 1, ""unit_price"": 55.0}, {""product_id"": ""p010"", ""qty"": 1, ""unit_price"": 70.0}, {""product_id"": ""p012"", ""qty"": 1, ""unit_price"": 90.0}]"
sale_20251203_0406,2025-12-03 07:06:32,245.0,INR,"[{""product_id"": ""p003"", ""qty"": 3, ""unit_price"": 45.0}, {""product_id"": ""p004"", ""qty"": 1, ""unit_price"": 60.0}, {""product_id"": ""p011"", ""qty"": 1, ""unit_price"": 50.0}]"
sale_20251203_0407,2025-12-03 17:52:03,100.0,INR,"[{""product_id"": ""p001"", ""qty"": 2, ""unit_price"": 30.0}, {""product_id"": ""p015"", ""qty"": 1, ""unit_price"": 40.0}]"
sale_20251203_0408,2025-12-03 13:57:19,14.0,INR,"[{""product_id"": ""p006"", ""qty"": 1, ""unit_price"": 14.0}]"
sale_20251203_0409,2025-12-03 12:38:49,14.0,INR,"[{""product_id"": ""p006"", ""qty"": 1, ""unit_price"": 14.0}]"
sale_20251203_0410,2025-12-03 10:56:18,210.0,INR,"[{""product_id"": ""p001"", ""qty"": 2, ""unit_price"": 30.0}, {""product_id"": ""p005"", ""qty"": 1, ""unit_price"": 150.0}]"
sale_20251203_0411,2025-12-03 14:11:56,215.0,INR,"[{""product_id"": ""p009"", ""qty"": 1, ""unit_price"": 55.0}, {""product_id"": ""p010"", ""qty"": 1, ""unit_price"": 70.0}, {""product_id"": ""p012"", ""qty"": 1, ""unit_price"": 90.0}]"
sale_20251203_0412,2025-12-03 12:00:56,145.0,INR,"[{""product_id"": ""p009"", ""qty"": 1, ""unit_price"": 55.0}, {""product_id"": ""p012"", ""qty"": 1, ""unit_price"": 90.0}]"
sale_20251203_0413,2025-12-03 15:09:48,330.0,INR,"[{""product_id"": ""p001"", ""qty"": 1, ""unit_price"": 30.0}, {""product_id"": ""p005"", ""qty"": 2, ""unit_price"": 150.0}]"
sale_20251203_0414,2025-12-03 07:49:40,105.0,INR,"[{""product_id"": ""p003"", ""qty"": 1, ""unit_price"": 45.0}, {""product_id"": ""p004"", ""qty"": 1, ""unit_price"": 60.0}]"
sale_20251203_0415,2025-12-03 17:53:44,210.0,INR,"[{""product_id"": ""p001"", ""qty"": 2, ""unit_price"": 30.0}, {""product_id"": ""p005"", ""qty"": 1, ""unit_price"": 150.0}]"
sale_20251203_0416,2025-12-03 07:06:49,170.0,INR,"[{""product_id"": ""p004"", ""qty"": 2, ""unit_price"": 60.0}, {""product_id"": ""p011"", ""qty"": 1, ""unit_price"": 50.0}]"
sale_20251203_0417,2025-12-03 14:17:46,14.0,INR,"[{""product_id"": ""p006"", ""qty"": 1, ""unit_price"": 14.0}]"
sale_20251204_0418,2025-12-04 17:27:36,20.0,INR,"[{""product_id"": ""p002"", ""qty"": 1, ""unit_price"": 20.0}]"
sale_20251204_0419,2025-12-04 14:59:49,54.0,INR,"[{""product_id"": ""p006"", ""qty"": 1, ""unit_price"": 14.0}, {""product_id"": ""p015"", ""qty"": 1, ""unit_price"": 40.0}]"
sale_20251204_0420,2025-12-04 21:53:51,5.0,INR,"[{""product_id"": ""p019"", ""qty"": 1, ""unit_price"": 5.0}]"
sale_20251204_0421,2025-12-04 13:36:31,257.0,INR,"[{""product_id"": ""p007"", ""qty"": 1, ""unit_price"": 180.0}, {""product_id"": ""p008"", ""qty"": 1, ""unit_price"": 22.0}, {""product_id"": ""p009"", ""qty"": 1, ""unit_price"": 55.0}]"
sale_20251204_0422,2025-12-04 14:56:05,215.0,INR,"[{""product_id"": ""p009"", ""qty"": 1, ""unit_price"": 55.0}, {""product_id"": ""p010"", ""qty"": 1, ""unit_price"": 70.0}, {""product_id"": ""p012"", ""qty"": 1, ""unit_price"": 90.0}]"
sale_20251204_0423,2025-12-04 13:21:10,200.0,INR,"[{""product_id"": ""p009"", ""qty"": 2, ""unit_price"": 55.0}, {""product_id"": ""p012"", ""qty"": 1, ""unit_price"": 90.0}]"
sale_20251204_0424,2025-12-04 10:40:43,205.0,INR,"[{""product_id"": ""p003"", ""qty"": 1, ""unit_price"": 45.0}, {""product_id"": ""p004"", ""qty"": 1, ""unit_price"": 60.0}, {""product_id"": ""p011"", ""qty"": 2, ""unit_price"": 50.0}]"
sale_20251204_0425,2025-12-04 20:41:11,100.0,INR,"[{""product_id"": ""p002"", ""qty"": 1, ""unit_price"": 20.0}, {""product_id"": ""p015"", ""qty"": 2, ""unit_price"": 40.0}]"
sale_20251204_0426,2025-12-04 10:48:04,105.0,INR,"[{""product_id"": ""p003"", ""qty"": 1, ""unit_price"": 45.0}, {""product_id"": ""p004"", ""qty"": 1, ""unit_price"": 60.0}]"
sale_20251204_0427,2025-12-04 21:35:21,235.0,INR,"[{""product_id"": ""p009"", ""qty"": 1, ""unit_price"": 55.0}, {""product_id"": ""p012"", ""qty"": 2, ""unit_price"": 90.0}]"
sale_20251204_0428,2025-12-04 20:18:31,134.0,INR,"[{""product_id"": ""p006"", ""qty"": 1, ""unit_price"": 14.0}, {""product_id"": ""p015"", ""qty"": 3, ""unit_price"": 40.0}]"
sale_20251204_0429,2025-12-04 10:51:25,105.0,INR,"[{""product_id"": ""p003"", ""qty"": 1, ""unit_price"": 45.0}, {""product_id"": ""p004"", ""qty"": 1, ""unit_price"": 60.0}]"
sale_20251204_0430,2025-12-04 10:00:44,160.0,INR,"[{""product_id"": ""p004"", ""qty"": 1, ""unit_price"": 60.0}, {""product_id"": ""p011"", ""qty"": 2, ""unit_price"": 50.0}]"
sale_20251204_0431,2025-12-04 21:02:38,20.0,INR,"[{""product_id"": ""p002"", ""qty"": 1, ""unit_price"": 20.0}]"
sale_20251204_0432,2025-12-04 20:03:17,20.0,INR,"[{""product_id"": ""p002"", ""qty"": 1, ""unit_price"": 20.0}]"
sale_20251204_0433,2025-12-04 20:53:19,80.0,INR,"[{""product_id"": ""p002"", ""qty"": 2, ""unit_price"": 20.0}, {""product_id"": ""p015"", ""qty"": 1, ""unit_price"": 40.0}]"
sale_20251204_0434,2025-12-04 09:02:04,60.0,INR,"[{""product_id"": ""p004"", ""qty"": 1, ""unit_price"": 60.0}]"
sale_20251204_0435,2025-12-04 10:46:17,105.0,INR,"[{""product_id"": ""p003"", ""qty"": 1, ""unit_price"": 45.0}, {""product_id"": ""p004"", ""qty"": 1, ""unit_price"": 60.0}]"
sale_20251204_0436,2025-12-04 10:36:53,110.0,INR,"[{""product_id"": ""p004"", ""qty"": 1, ""unit_price"": 60.0}, {""product_id"": ""p011"", ""qty"": 1, ""unit_price"": 50.0}]"
sale_20251204_0437,2025-12-04 09:22:35,150.0,INR,"[{""product_id"": ""p003"", ""qty"": 2, ""unit_price"": 45.0}, {""product_id"": ""p004"", ""qty"": 1, ""unit_price"": 60.0}]"
sale_20251204_0438,2025-12-04 22:13:44,30.0,INR,"[{""product_id"": ""p019"", ""qty"": 1, ""unit_price"": 5.0}, {""product_id"": ""p020"", ""qty"": 1, ""unit_price"": 25.0}]"
sale_20251204_0439,2025-12-04 07:46:35,105.0,INR,"[{""product_id"": ""p003"", ""qty"": 1, ""unit_price"": 45.0}, {""product_id"": ""p004"", ""qty"": 1, ""unit_price"": 60.0}]"
sale_20251204_0440,2025-12-04 16:40:37,30.0,INR,"[{""product_id"": ""p001"", ""qty"": 1, ""unit_price"": 30.0}]"
sale_20251204_0441,2025-12-04 20:43:18,68.0,INR,"[{""product_id"": ""p006"", ""qty"": 2, ""unit_price"": 14.0}, {""product_id"": ""p015"", ""qty"": 1, ""unit_price"": 40.0}]"
sale_20251204_0442,2025-12-04 22:34:58,240.0,INR,"[{""product_id"": ""p013"", ""qty"": 2, ""unit_price"": 85.0}, {""product_id"": ""p016"", ""qty"": 2, ""unit_price"": 35.0}]"
sale_20251204_0443,2025-12-04 07:08:20,205.0,INR,"[{""product_id"": ""p003"", ""qty"": 1, ""unit_price"": 45.0}, {""product_id"": ""p004"", ""qty"": 1, ""unit_price"": 60.0}, {""product_id"": ""p011"", ""qty"": 2, ""unit_price"": 50.0}]"
sale_20251204_0444,2025-12-04 07:00:14,60.0,INR,"[{""product_id"": ""p004"", ""qty"": 1, ""unit_price"": 60.0}]"
sale_20251204_0445,2025-12-04 15:43:54,150.0,INR,"[{""product_id"": ""p003"", ""qty"": 2, ""unit_price"": 45.0}, {""product_id"": ""p004"", ""qty"": 1, ""unit_price"": 60.0}]"
sale_20251204_0446,2025-12-04 22:50:46,155.0,INR,"[{""product_id"": ""p014"", ""qty"": 1, ""unit_price"": 120.0}, {""product_id"": ""p016"", ""qty"": 1, ""unit_price"": 35.0}]"
sale_20251204_0447,2025-12-04 15:20:06,55.0,INR,"[{""product_id"": ""p019"", ""qty"": 1, ""unit_price"": 5.0}, {""product_id"": ""p020"", ""qty"": 2, ""unit_price"": 25.0}]"
sale_20251204_0448,2025-12-04 15:37:41,210.0,INR,"[{""product_id"": ""p001"", ""qty"": 2, ""unit_price"": 30.0}, {""product_id"": ""p005"", ""qty"": 1, ""unit_price"": 150.0}]"
sale_20251204_0449,2025-12-04 20:53:34,110.0,INR,"[{""product_id"": ""p001"", ""qty"": 1, ""unit_price"": 30.0}, {""product_id"": ""p015"", ""qty"": 2, ""unit_price"": 40.0}]"
sale_20251204_0450,2025-12-04 14:01:17,285.0,INR,"[{""product_id"": ""p009"", ""qty"": 1, ""unit_price"": 55.0}, {""product_id"": ""p010"", ""qty"": 2, ""unit_price"": 70.0}, {""product_id"": ""p012"", ""qty"": 1, ""unit_price"": 90.0}]"
sale_20251204_0451,2025-12-04 18:19:54,30.0,INR,"[{""product_id"": ""p001"", ""qty"": 1, ""unit_price"": 30.0}]"
sale_20251205_0452,2025-12-05 20:14:36,40.0,INR,"[{""product_id"": ""p002"", ""qty"": 2, ""unit_price"": 20.0}]"
sale_20251205_0453,2025-12-05 15:09:21,120.0,INR,"[{""product_id"": ""p013"", ""qty"": 1, ""unit_price"": 85.0}, {""product_id"": ""p016"", ""qty"": 1, ""unit_price"": 35.0}]"
sale_20251205_0454,2025-12-05 17:14:07,100.0,INR,"[{""product_id"": ""p002"", ""qty"": 1, ""unit_price"": 20.0}, {""product_id"": ""p015"", ""qty"": 2, ""unit_price"": 40.0}]"
sale_20251205_0455,2025-12-05 13:37:06,257.0,INR,"[{""product_id"": ""p007"", ""qty"": 1, ""unit_price"": 180.0}, {""product_id"": ""p008"", ""qty"": 1, ""unit_price"": 22.0}, {""product_id"": ""p009"", ""qty"": 1, ""unit_price"": 55.0}]"
sale_20251205_0456,2025-12-05 20:33:57,210.0,INR,"[{""product_id"": ""p001"", ""qty"": 2, ""unit_price"": 30.0}, {""product_id"": ""p005"", ""qty"": 1, ""unit_price"": 150.0}]"
sale_20251205_0457,2025-12-05 14:01:06,14.0,INR,"[{""product_id"": ""p006"", ""qty"": 1, ""unit_price"": 14.0}]"
sale_20251205_0458,2025-12-05 10:02:13,105.0,INR,"[{""product_id"": ""p003"", ""qty"": 1, ""unit_price"": 45.0}, {""product_id"": ""p004"", ""qty"": 1, ""unit_price"": 60.0}]"
sale_20251205_0459,2025-12-05 22:25:50,14.0,INR,"[{""product_id"": ""p006"", ""qty"": 1, ""unit_price"": 14.0}]"
sale_20251205_0460,2025-12-05 19:23:12,30.0,INR,"[{""product_id"": ""p019"", ""qty"": 1, ""unit_price"": 5.0}, {""product_id"": ""p020"", ""qty"": 1, ""unit_price"": 25.0}]"
sale_20251205_0461,2025-12-05 13:33:54,14.0,INR,"[{""product_id"": ""p006"", ""qty"": 1, ""unit_price"": 14.0}]"
sale_20251205_0462,2025-12-05 17:50:58,35.0,INR,"[{""product_id"": ""p019"", ""qty"": 2, ""unit_price"": 5.0}, {""product_id"": ""p020"", ""qty"": 1, ""unit_price"": 25.0}]"
sale_20251205_0463,2025-12-05 07:28:31,155.0,INR,"[{""product_id"": ""p003"", ""qty"": 1, ""unit_price"": 45.0}, {""product_id"": ""p004"", ""qty"": 1, ""unit_price"": 60.0}, {""product_id"": ""p011"", ""qty"": 1, ""unit_price"": 50.0}]"
sale_20251205_0464,2025-12-05 14:53:51,14.0,INR,"[{""product_id"": ""p006"", ""qty"": 1, ""unit_price"": 14.0}]"
sale_20251205_0465,2025-12-05 21:32:36,60.0,INR,"[{""product_id"": ""p001"", ""qty"": 2, ""unit_price"": 30.0}]"
sale_20251205_0466,2025-12-05 19:33:52,60.0,INR,"[{""product_id"": ""p002"", ""qty"": 1, ""unit_price"": 20.0}, {""product_id"": ""p015"", ""qty"": 1, ""unit_price"": 40.0}]"
sale_20251205_0467,2025-12-05 21:14:24,215.0,INR,"[{""product_id"": ""p003"", ""qty"": 1, ""unit_price"": 45.0}, {""product_id"": ""p004"", ""qty"": 2, ""unit_price"": 60.0}, {""product_id"": ""p011"", ""qty"": 1, ""unit_price"": 50.0}]"
sale_20251205_0468,2025-12-05 19:12:24,40.0,INR,"[{""product_id"": ""p015"", ""qty"": 1, ""unit_price"": 40.0}]"
sale_20251205_0469,2025-12-05 16:10:25,105.0,INR,"[{""product_id"": ""p003"", ""qty"": 1, ""unit_price"": 45.0}, {""product_id"": ""p004"", ""qty"": 1, ""unit_price"": 60.0}]"
sale_20251205_0470,2025-12-05 07:49:21,105.0,INR,"[{""product_id"": ""p003"", ""qty"": 1, ""unit_price"": 45.0}, {""product_id"": ""p004"", ""qty"": 1, ""unit_price"": 60.0}]"
sale_20251205_0471,2025-12-05 18:52:11,40.0,INR,"[{""product_id"": ""p015"", ""qty"": 1, ""unit_price"": 40.0}]"
sale_20251205_0472,2025-12-05 21:00:51,120.0,INR,"[{""product_id"": ""p013"", ""qty"": 1, ""unit_price"": 85.0}, {""product_id"": ""p016"", ""qty"": 1, ""unit_price"": 35.0}]"
sale_20251205_0473,2025-12-05 22:39:26,60.0,INR,"[{""product_id"": ""p004"", ""qty"": 1, ""unit_price"": 60.0}]"
sale_20251205_0474,2025-12-05 09:01:24,330.0,INR,"[{""product_id"": ""p001"", ""qty"": 1, ""unit_price"": 30.0}, {""product_id"": ""p005"", ""qty"": 2, ""unit_price"": 150.0}]"
sale_20251205_0475,2025-12-05 10:06:08,60.0,INR,"[{""product_id"": ""p004"", ""qty"": 1, ""unit_price"": 60.0}]"
sale_20251205_0476,2025-12-05 18:59:33,30.0,INR,"[{""product_id"": ""p019"", ""qty"": 1, ""unit_price"": 5.0}, {""product_id"": ""p020"", ""qty"": 1, ""unit_price"": 25.0}]"
sale_20251205_0477,2025-12-05 09:41:22,210.0,INR,"[{""product_id"": ""p003"", ""qty"": 2, ""unit_price"": 45.0}, {""product_id"": ""p004"", ""qty"": 2, ""unit_price"": 60.0}]"
sale_20251205_0478,2025-12-05 09:52:19,220.0,INR,"[{""product_id"": ""p004"", ""qty"": 2, ""unit_price"": 60.0}, {""product_id"": ""p011"", ""qty"": 2, ""unit_price"": 50.0}]"
sale_20251205_0479,2025-12-05 10:09:45,150.0,INR,"[{""product_id"": ""p003"", ""qty"": 2, ""unit_price"": 45.0}, {""product_id"": ""p004"", ""qty"": 1, ""unit_price"": 60.0}]"
sale_20251205_0480,2025-12-05 09:45:22,260.0,INR,"[{""product_id"": ""p003"", ""qty"": 2, ""unit_price"": 45.0}, {""product_id"": ""p004"", ""qty"": 2, ""unit_price"": 60.0}, {""product_id"": ""p011"", ""qty"": 1, ""unit_price"": 50.0}]"
sale_20251205_0481,2025-12-05 20:50:59,40.0,INR,"[{""product_id"": ""p015"", ""qty"": 1, ""unit_price"": 40.0}]"
sale_20251205_0482,2025-12-05 19:20:37,40.0,INR,"[{""product_id"": ""p015"", ""qty"": 1, ""unit_price"": 40.0}]"
sale_20251205_0483,2025-12-05 09:52:10,180.0,INR,"[{""product_id"": ""p001"", ""qty"": 1, ""unit_price"": 30.0}, {""product_id"": ""p005"", ""qty"": 1, ""unit_price"": 150.0}]"
sale_20251205_0484,2025-12-05 10:03:47,105.0,INR,"[{""product_id"": ""p003"", ""qty"": 1, ""unit_price"": 45.0}, {""product_id"": ""p004"", ""qty"": 1, ""unit_price"": 60.0}]"
sale_20251205_0485,2025-12-05 07:14:46,330.0,INR,"[{""product_id"": ""p001"", ""qty"": 1, ""unit_price"": 30.0}, {""product_id"": ""p005"", ""qty"": 2, ""unit_price"": 150.0}]"
sale_20251205_0486,2025-12-05 17:10:58,125.0,INR,"[{""product_id"": ""p017"", ""qty"": 1, ""unit_price"": 50.0}, {""product_id"": ""p020"", ""qty"": 3, ""unit_price"": 25.0}]"
sale_20251205_0487,2025-12-05 10:46:47,390.0,INR,"[{""product_id"": ""p001"", ""qty"": 3, ""unit_price"": 30.0}, {""product_id"": ""p005"", ""qty"": 2, ""unit_price"": 150.0}]"
sale_20251205_0488,2025-12-05 16:26:36,330.0,INR,"[{""product_id"": ""p001"", ""qty"": 1, ""unit_price"": 30.0}, {""product_id"": ""p005"", ""qty"": 2, ""unit_price"": 150.0}]"
sale_20251205_0489,2025-12-05 20:59:41,20.0,INR,"[{""product_id"": ""p002"", ""qty"": 1, ""unit_price"": 20.0}]"
sale_20251206_0490,2025-12-06 10:06:19,110.0,INR,"[{""product_id"": ""p004"", ""qty"": 1, ""unit_price"": 60.0}, {""product_id"": ""p011"", ""qty"": 1, ""unit_price"": 50.0}]"
sale_20251206_0491,2025-12-06 09:57:10,165.0,INR,"[{""product_id"": ""p003"", ""qty"": 1, ""unit_price"": 45.0}, {""product_id"": ""p004"", ""qty"": 2, ""unit_price"": 60.0}]"
sale_20251206_0492,2025-12-06 16:28:21,205.0,INR,"[{""product_id"": ""p013"", ""qty"": 2, ""unit_price"": 85.0}, {""product_id"": ""p016"", ""qty"": 1, ""unit_price"": 35.0}]"
sale_20251206_0493,2025-12-06 15:08:41,215.0,INR,"[{""product_id"": ""p003"", ""qty"": 1, ""unit_price"": 45.0}, {""product_id"": ""p004"", ""qty"": 2, ""unit_price"": 60.0}, {""product_id"": ""p011"", ""qty"": 1, ""unit_price"": 50.0}]"
sale_20251206_0494,2025-12-06 12:49:37,145.0,INR,"[{""product_id"": ""p009"", ""qty"": 1, ""unit_price"": 55.0}, {""product_id"": ""p012"", ""qty"": 1, ""unit_price"": 90.0}]"
sale_20251206_0495,2025-12-06 07:19:55,165.0,INR,"[{""product_id"": ""p003"", ""qty"": 1, ""unit_price"": 45.0}, {""product_id"": ""p004"", ""qty"": 2, ""unit_price"": 60.0}]"
sale_20251206_0496,2025-12-06 19:10:36,100.0,INR,"[{""product_id"": ""p002"", ""qty"": 1, ""unit_price"": 20.0}, {""product_id"": ""p015"", ""qty"": 2, ""unit_price"": 40.0}]"
sale_20251206_0497,2025-12-06 08:21:22,210.0,INR,"[{""product_id"": ""p003"", ""qty"": 2, ""unit_price"": 45.0}, {""product_id"": ""p004"", ""qty"": 2, ""unit_price"": 60.0}]"
sale_20251206_0498,2025-12-06 19:29:25,75.0,INR,"[{""product_id"": ""p017"", ""qty"": 1, ""unit_price"": 50.0}, {""product_id"": ""p020"", ""qty"": 1, ""unit_price"": 25.0}]"
sale_20251206_0499,2025-12-06 11:33:29,100.0,INR,"[{""product_id"": ""p001"", ""qty"": 2, ""unit_price"": 30.0}, {""product_id"": ""p015"", ""qty"": 1, ""unit_price"": 40.0}]"
sale_20251206_0500,2025-12-06 13:10:51,200.0,INR,"[{""product_id"": ""p009"", ""qty"": 2, ""unit_price"": 55.0}, {""product_id"": ""p012"", ""qty"": 1, ""unit_price"": 90.0}]"
sale_20251206_0501,2025-12-06 12:06:38,145.0,INR,"[{""product_id"": ""p009"", ""qty"": 1, ""unit_price"": 55.0}, {""product_id"": ""p012"", ""qty"": 1, ""unit_price"": 90.0}]"
sale_20251206_0502,2025-12-06 07:47:15,155.0,INR,"[{""product_id"": ""p003"", ""qty"": 1, ""unit_price"": 45.0}, {""product_id"": ""p004"", ""qty"": 1, ""unit_price"": 60.0}, {""product_id"": ""p011"", ""qty"": 1, ""unit_price"": 50.0}]"
sale_20251206_0503,2025-12-06 18:34:20,54.0,INR,"[{""product_id"": ""p006"", ""qty"": 1, ""unit_price"": 14.0}, {""product_id"": ""p015"", ""qty"": 1, ""unit_price"": 40.0}]"
sale_20251206_0504,2025-12-06 14:48:08,14.0,INR,"[{""product_id"": ""p006"", ""qty"": 1, ""unit_price"": 14.0}]"
sale_20251206_0505,2025-12-06 08:14:42,480.0,INR,"[{""product_id"": ""p001"", ""qty"": 1, ""unit_price"": 30.0}, {""product_id"": ""p005"", ""qty"": 3, ""unit_price"": 150.0}]"
sale_20251206_0506,2025-12-06 22:10:26,20.0,INR,"[{""product_id"": ""p002"", ""qty"": 1, ""unit_price"": 20.0}]"
sale_20251206_0507,2025-12-06 18:24:36,80.0,INR,"[{""product_id"": ""p015"", ""qty"": 2, ""unit_price"": 40.0}]"
sale_20251206_0508,2025-12-06 08:56:49,230.0,INR,"[{""product_id"": ""p004"", ""qty"": 3, ""unit_price"": 60.0}, {""product_id"": ""p011"", ""qty"": 1, ""unit_price"": 50.0}]"
sale_20251206_0509,2025-12-06 18:20:19,54.0,INR,"[{""product_id"": ""p006"", ""qty"": 1, ""unit_price"": 14.0}, {""product_id"": ""p015"", ""qty"": 1, ""unit_price"": 40.0}]"
sale_20251206_0510,2025-12-06 07:08:06,225.0,INR,"[{""product_id"": ""p003"", ""qty"": 1, ""unit_price"": 45.0}, {""product_id"": ""p004"", ""qty"": 3, ""unit_price"": 60.0}]"
sale_20251206_0511,2025-12-06 10:40:22,60.0,INR,"[{""product_id"": ""p004"", ""qty"": 1, ""unit_price"": 60.0}]"
sale_20251206_0512,2025-12-06 07:29:26,165.0,INR,"[{""product_id"": ""p003"", ""qty"": 1, ""unit_price"": 45.0}, {""product_id"": ""p004"", ""qty"": 2, ""unit_price"": 60.0}]"
sale_20251206_0513,2025-12-06 18:48:23,70.0,INR,"[{""product_id"": ""p001"", ""qty"": 1, ""unit_price"": 30.0}, {""product_id"": ""p015"", ""qty"": 1, ""unit_price"": 40.0}]"
sale_20251206_0514,2025-12-06 14:13:18,68.0,INR,"[{""product_id"": ""p006"", ""qty"": 2, ""unit_price"": 14.0}, {""product_id"": ""p015"", ""qty"": 1, ""unit_price"": 40.0}]"
sale_20251206_0515,2025-12-06 20:16:01,20.0,INR,"[{""product_id"": ""p002"", ""qty"": 1, ""unit_price"": 20.0}]"
sale_20251206_0516,2025-12-06 18:17:32,40.0,INR,"[{""product_id"": ""p015"", ""qty"": 1, ""unit_price"": 40.0}]"
sale_20251206_0517,2025-12-06 13:11:16,14.0,INR,"[{""product_id"": ""p006"", ""qty"": 1, ""unit_price"": 14.0}]"
sale_20251206_0518,2025-12-06 08:24:19,170.0,INR,"[{""product_id"": ""p004"", ""qty"": 2, ""unit_price"": 60.0}, {""product_id"": ""p011"", ""qty"": 1, ""unit_price"": 50.0}]"
sale_20251206_0519,2025-12-06 22:01:23,165.0,INR,"[{""product_id"": ""p003"", ""qty"": 1, ""unit_price"": 45.0}, {""product_id"": ""p004"", ""qty"": 2, ""unit_price"": 60.0}]"
sale_20251206_0520,2025-12-06 18:00:14,80.0,INR,"[{""product_id"": ""p015"", ""qty"": 2, ""unit_price"": 40.0}]"
sale_20251206_0521,2025-12-06 11:02:44,180.0,INR,"[{""product_id"": ""p004"", ""qty"": 3, ""unit_price"": 60.0}]"
sale_20251206_0522,2025-12-06 19:24:25,60.0,INR,"[{""product_id"": ""p002"", ""qty"": 1, ""unit_price"": 20.0}, {""product_id"": ""p015"", ""qty"": 1, ""unit_price"": 40.0}]"
sale_20251206_0523,2025-12-06 08:13:22,60.0,INR,"[{""product_id"": ""p004"", ""qty"": 1, ""unit_price"": 60.0}]"
sale_20251206_0524,2025-12-06 10:23:52,155.0,INR,"[{""product_id"": ""p003"", ""qty"": 1, ""unit_price"": 45.0}, {""product_id"": ""p004"", ""qty"": 1, ""unit_price"": 60.0}, {""product_id"": ""p011"", ""qty"": 1, ""unit_price"": 50.0}]"
sale_20251206_0525,2025-12-06 10:59:13,330.0,INR,"[{""product_id"": ""p001"", ""qty"": 1, ""unit_price"": 30.0}, {""product_id"": ""p005"", ""qty"": 2, ""unit_price"": 150.0}]"
sale_20251206_0526,2025-12-06 15:49:40,105.0,INR,"[{""product_id"": ""p003"", ""qty"": 1, ""unit_price"": 45.0}, {""product_id"": ""p004"", ""qty"": 1, ""unit_price"": 60.0}]"
sale_20251207_0527,2025-12-07 13:32:54,380.0,INR,"[{""product_id"": ""p009"", ""qty"": 2, ""unit_price"": 55.0}, {""product_id"": ""p012"", ""qty"": 3, ""unit_price"": 90.0}]"
sale_20251207_0528,2025-12-07 09:31:27,150.0,INR,"[{""product_id"": ""p003"", ""qty"": 2, ""unit_price"": 45.0}, {""product_id"": ""p004"", ""qty"": 1, ""unit_price"": 60.0}]"
sale_20251207_0529,2025-12-07 14:17:07,145.0,INR,"[{""product_id"": ""p009"", ""qty"": 1, ""unit_price"": 55.0}, {""product_id"": ""p012"", ""qty"": 1, ""unit_price"": 90.0}]"
sale_20251207_0530,2025-12-07 10:48:45,105.0,INR,"[{""product_id"": ""p003"", ""qty"": 1, ""unit_price"": 45.0}, {""product_id"": ""p004"", ""qty"": 1, ""unit_price"": 60.0}]"
sale_20251207_0531,2025-12-07 08:19:31,205.0,INR,"[{""product_id"": ""p003"", ""qty"": 1, ""unit_price"": 45.0}, {""product_id"": ""p004"", ""qty"": 1, ""unit_price"": 60.0}, {""product_id"": ""p011"", ""qty"": 2, ""unit_price"": 50.0}]"
sale_20251207_0532,2025-12-07 20:26:56,110.0,INR,"[{""product_id"": ""p001"", ""qty"": 1, ""unit_price"": 30.0}, {""product_id"": ""p015"", ""qty"": 2, ""unit_price"": 40.0}]"
sale_20251207_0533,2025-12-07 20:55:24,30.0,INR,"[{""product_id"": ""p001"", ""qty"": 1, ""unit_price"": 30.0}]"
sale_20251207_0534,2025-12-07 20:13:50,5.0,INR,"[{""product_id"": ""p019"", ""qty"": 1, ""unit_price"": 5.0}]"
sale_20251207_0535,2025-12-07 19:48:46,60.0,INR,"[{""product_id"": ""p002"", ""qty"": 1, ""unit_price"": 20.0}, {""product_id"": ""p015"", ""qty"": 1, ""unit_price"": 40.0}]"
sale_20251207_0536,2025-12-07 07:49:44,60.0,INR,"[{""product_id"": ""p004"", ""qty"": 1, ""unit_price"": 60.0}]"
sale_20251207_0537,2025-12-07 17:51:26,75.0,INR,"[{""product_id"": ""p017"", ""qty"": 1, ""unit_price"": 50.0}, {""product_id"": ""p020"", ""qty"": 1, ""unit_price"": 25.0}]"
sale_20251207_0538,2025-12-07 20:10:30,480.0,INR,"[{""product_id"": ""p001"", ""qty"": 1, ""unit_price"": 30.0}, {""product_id"": ""p005"", ""qty"": 3, ""unit_price"": 150.0}]"
sale_20251207_0539,2025-12-07 10:28:57,105.0,INR,"[{""product_id"": ""p003"", ""qty"": 1, ""unit_price"": 45.0}, {""product_id"": ""p004"", ""qty"": 1, ""unit_price"": 60.0}]"
sale_20251207_0540,2025-12-07 20:23:15,55.0,INR,"[{""product_id"": ""p019"", ""qty"": 1, ""unit_price"": 5.0}, {""product_id"": ""p020"", ""qty"": 2, ""unit_price"": 25.0}]"
sale_20251207_0541,2025-12-07 14:48:48,200.0,INR,"[{""product_id"": ""p009"", ""qty"": 2, ""unit_price"": 55.0}, {""product_id"": ""p012"", ""qty"": 1, ""unit_price"": 90.0}]"
sale_20251207_0542,2025-12-07 09:50:51,165.0,INR,"[{""product_id"": ""p003"", ""qty"": 1, ""unit_price"": 45.0}, {""product_id"": ""p004"", ""qty"": 2, ""unit_price"": 60.0}]"
sale_20251207_0543,2025-12-07 14:12:32,235.0,INR,"[{""product_id"": ""p009"", ""qty"": 1, ""unit_price"": 55.0}, {""product_id"": ""p012"", ""qty"": 2, ""unit_price"": 90.0}]"
sale_20251207_0544,2025-12-07 18:37:29,40.0,INR,"[{""product_id"": ""p015"", ""qty"": 1, ""unit_price"": 40.0}]"
sale_20251207_0545,2025-12-07 19:31:12,5.0,INR,"[{""product_id"": ""p019"", ""qty"": 1, ""unit_price"": 5.0}]"
sale_20251207_0546,2025-12-07 18:00:40,60.0,INR,"[{""product_id"": ""p002"", ""qty"": 1, ""unit_price"": 20.0}, {""product_id"": ""p015"", ""qty"": 1, ""unit_price"": 40.0}]"
sale_20251207_0547,2025-12-07 11:24:57,14.0,INR,"[{""product_id"": ""p006"", ""qty"": 1, ""unit_price"": 14.0}]"
sale_20251207_0548,2025-12-07 19:53:00,94.0,INR,"[{""product_id"": ""p006"", ""qty"": 1, ""unit_price"": 14.0}, {""product_id"": ""p015"", ""qty"": 2, ""unit_price"": 40.0}]"
sale_20251207_0549,2025-12-07 17:52:26,5.0,INR,"[{""product_id"": ""p019"", ""qty"": 1, ""unit_price"": 5.0}]"
sale_20251207_0550,2025-12-07 20:43:48,75.0,INR,"[{""product_id"": ""p017"", ""qty"": 1, ""unit_price"": 50.0}, {""product_id"": ""p020"", ""qty"": 1, ""unit_price"": 25.0}]"
sale_20251207_0551,2025-12-07 17:24:23,60.0,INR,"[{""product_id"": ""p001"", ""qty"": 2, ""unit_price"": 30.0}]"
sale_20251207_0552,2025-12-07 07:30:44,110.0,INR,"[{""product_id"": ""p004"", ""qty"": 1, ""unit_price"": 60.0}, {""product_id"": ""p011"", ""qty"": 1, ""unit_price"": 50.0}]"
sale_20251207_0553,2025-12-07 17:55:58,54.0,INR,"[{""product_id"": ""p006"", ""qty"": 1, ""unit_price"": 14.0}, {""product_id"": ""p015"", ""qty"": 1, ""unit_price"": 40.0}]"
sale_20251207_0554,2025-12-07 17:18:07,180.0,INR,"[{""product_id"": ""p001"", ""qty"": 1, ""unit_price"": 30.0}, {""product_id"": ""p005"", ""qty"": 1, ""unit_price"": 150.0}]"
sale_20251207_0555,2025-12-07 20:26:26,70.0,INR,"[{""product_id"": ""p001"", ""qty"": 1, ""unit_price"": 30.0}, {""product_id"": ""p015"", ""qty"": 1, ""unit_price"": 40.0}]"
sale_20251207_0556,2025-12-07 12:55:50,28.0,INR,"[{""product_id"": ""p006"", ""qty"": 2, ""unit_price"": 14.0}]"
sale_20251207_0557,2025-12-07 08:53:36,60.0,INR,"[{""product_id"": ""p004"", ""qty"": 1, ""unit_price"": 60.0}]"
sale_20251207_0558,2025-12-07 18:48:52,54.0,INR,"[{""product_id"": ""p006"", ""qty"": 1, ""unit_price"": 14.0}, {""product_id"": ""p015"", ""qty"": 1, ""unit_price"": 40.0}]"
sale_20251207_0559,2025-12-07 15:38:11,14.0,INR,"[{""product_id"": ""p006"", ""qty"": 1, ""unit_price"": 14.0}]"
sale_20251207_0560,2025-12-07 20:56:48,35.0,INR,"[{""product_id"": ""p019"", ""qty"": 2, ""unit_price"": 5.0}, {""product_id"": ""p020"", ""qty"": 1, ""unit_price"": 25.0}]"
